N,Compression,Storage,Table,Query,Operation,Run,Size
500,COMPRESSED,FDN,dynamic_table,scan,initial_refresh,1,14944
500,DECOMPRESSED,FDN,dynamic_table,scan,initial_refresh,1,26500
500,COMPRESSED,FDN,dynamic_table,group_by,initial_refresh,1,24034
500,DECOMPRESSED,FDN,dynamic_table,group_by,initial_refresh,1,25000
500,COMPRESSED,FDN,dynamic_table,group_by_strings,initial_refresh,1,17149
500,DECOMPRESSED,FDN,dynamic_table,group_by_strings,initial_refresh,1,25000
500,COMPRESSED,FDN,dynamic_table,join,initial_refresh,1,14970
500,DECOMPRESSED,FDN,dynamic_table,join,initial_refresh,1,26500
500,COMPRESSED,FDN,dynamic_table,flatten,initial_refresh,1,14939
500,DECOMPRESSED,FDN,dynamic_table,flatten,initial_refresh,1,25500
500,COMPRESSED,FDN,map_table,scan,initial_refresh,1,2664
500,DECOMPRESSED,FDN,map_table,scan,initial_refresh,1,15420
500,COMPRESSED,FDN,map_table,group_by,initial_refresh,1,11619
500,DECOMPRESSED,FDN,map_table,group_by,initial_refresh,1,15420
500,COMPRESSED,FDN,map_table,group_by_strings,initial_refresh,1,4143
500,DECOMPRESSED,FDN,map_table,group_by_strings,initial_refresh,1,15420
500,COMPRESSED,FDN,map_table,join,initial_refresh,1,2668
500,DECOMPRESSED,FDN,map_table,join,initial_refresh,1,16920
500,COMPRESSED,FDN,map_table,flatten,initial_refresh,1,None
500,DECOMPRESSED,FDN,map_table,flatten,initial_refresh,1,None
500,COMPRESSED,FDN,array_table,scan,initial_refresh,1,12228
500,DECOMPRESSED,FDN,array_table,scan,initial_refresh,1,14500
500,COMPRESSED,FDN,array_table,group_by,initial_refresh,1,11820
500,DECOMPRESSED,FDN,array_table,group_by,initial_refresh,1,14500
500,COMPRESSED,FDN,array_table,group_by_strings,initial_refresh,1,4155
500,DECOMPRESSED,FDN,array_table,group_by_strings,initial_refresh,1,14500
500,COMPRESSED,FDN,array_table,join,initial_refresh,1,13728
500,DECOMPRESSED,FDN,array_table,join,initial_refresh,1,16000
500,COMPRESSED,FDN,array_table,flatten,initial_refresh,1,None
500,DECOMPRESSED,FDN,array_table,flatten,initial_refresh,1,None
500,COMPRESSED,FDN,dynamic_table,scan,update,1,14991
500,DECOMPRESSED,FDN,dynamic_table,scan,update,1,26500
500,COMPRESSED,FDN,dynamic_table,group_by,update,1,24034
500,DECOMPRESSED,FDN,dynamic_table,group_by,update,1,25000
500,COMPRESSED,FDN,dynamic_table,group_by_strings,update,1,17275
500,DECOMPRESSED,FDN,dynamic_table,group_by_strings,update,1,25000
500,COMPRESSED,FDN,dynamic_table,join,update,1,15016
500,DECOMPRESSED,FDN,dynamic_table,join,update,1,26500
500,COMPRESSED,FDN,dynamic_table,flatten,update,1,14984
500,DECOMPRESSED,FDN,dynamic_table,flatten,update,1,25500
500,COMPRESSED,FDN,dynamic_table,scan,insert,1,15772
500,DECOMPRESSED,FDN,dynamic_table,scan,insert,1,27775
500,COMPRESSED,FDN,dynamic_table,group_by,insert,1,25253
500,DECOMPRESSED,FDN,dynamic_table,group_by,insert,1,26250
500,COMPRESSED,FDN,dynamic_table,group_by_strings,insert,1,18491
500,DECOMPRESSED,FDN,dynamic_table,group_by_strings,insert,1,26250
500,COMPRESSED,FDN,dynamic_table,join,insert,1,15801
500,DECOMPRESSED,FDN,dynamic_table,join,insert,1,27775
500,COMPRESSED,FDN,dynamic_table,flatten,insert,1,30682
500,DECOMPRESSED,FDN,dynamic_table,flatten,insert,1,52275
500,COMPRESSED,FDN,dynamic_table,scan,insert_2,1,16560
500,DECOMPRESSED,FDN,dynamic_table,scan,insert_2,1,29050
500,COMPRESSED,FDN,dynamic_table,group_by,insert_2,1,26475
500,DECOMPRESSED,FDN,dynamic_table,group_by,insert_2,1,27500
500,COMPRESSED,FDN,dynamic_table,group_by_strings,insert_2,1,18543
500,DECOMPRESSED,FDN,dynamic_table,group_by_strings,insert_2,1,26300
500,COMPRESSED,FDN,dynamic_table,join,insert_2,1,16585
500,DECOMPRESSED,FDN,dynamic_table,join,insert_2,1,29050
500,COMPRESSED,FDN,dynamic_table,flatten,insert_2,1,47100
500,DECOMPRESSED,FDN,dynamic_table,flatten,insert_2,1,80325
500,COMPRESSED,FDN,dynamic_table,scan,initial_refresh,2,14954
500,DECOMPRESSED,FDN,dynamic_table,scan,initial_refresh,2,26500
500,COMPRESSED,FDN,dynamic_table,group_by,initial_refresh,2,24029
500,DECOMPRESSED,FDN,dynamic_table,group_by,initial_refresh,2,25000
500,COMPRESSED,FDN,dynamic_table,group_by_strings,initial_refresh,2,17174
500,DECOMPRESSED,FDN,dynamic_table,group_by_strings,initial_refresh,2,25000
500,COMPRESSED,FDN,dynamic_table,join,initial_refresh,2,14947
500,DECOMPRESSED,FDN,dynamic_table,join,initial_refresh,2,26500
500,COMPRESSED,FDN,dynamic_table,flatten,initial_refresh,2,14939
500,DECOMPRESSED,FDN,dynamic_table,flatten,initial_refresh,2,25500
500,COMPRESSED,FDN,map_table,scan,initial_refresh,2,2664
500,DECOMPRESSED,FDN,map_table,scan,initial_refresh,2,15420
500,COMPRESSED,FDN,map_table,group_by,initial_refresh,2,11620
500,DECOMPRESSED,FDN,map_table,group_by,initial_refresh,2,15420
500,COMPRESSED,FDN,map_table,group_by_strings,initial_refresh,2,4140
500,DECOMPRESSED,FDN,map_table,group_by_strings,initial_refresh,2,15420
500,COMPRESSED,FDN,map_table,join,initial_refresh,2,2669
500,DECOMPRESSED,FDN,map_table,join,initial_refresh,2,16920
500,COMPRESSED,FDN,map_table,flatten,initial_refresh,2,None
500,DECOMPRESSED,FDN,map_table,flatten,initial_refresh,2,None
500,COMPRESSED,FDN,array_table,scan,initial_refresh,2,12228
500,DECOMPRESSED,FDN,array_table,scan,initial_refresh,2,14500
500,COMPRESSED,FDN,array_table,group_by,initial_refresh,2,11823
500,DECOMPRESSED,FDN,array_table,group_by,initial_refresh,2,14500
500,COMPRESSED,FDN,array_table,group_by_strings,initial_refresh,2,4133
500,DECOMPRESSED,FDN,array_table,group_by_strings,initial_refresh,2,14500
500,COMPRESSED,FDN,array_table,join,initial_refresh,2,13728
500,DECOMPRESSED,FDN,array_table,join,initial_refresh,2,16000
500,COMPRESSED,FDN,array_table,flatten,initial_refresh,2,None
500,DECOMPRESSED,FDN,array_table,flatten,initial_refresh,2,None
500,COMPRESSED,FDN,dynamic_table,scan,update,2,14994
500,DECOMPRESSED,FDN,dynamic_table,scan,update,2,26500
500,COMPRESSED,FDN,dynamic_table,group_by,update,2,24029
500,DECOMPRESSED,FDN,dynamic_table,group_by,update,2,25000
500,COMPRESSED,FDN,dynamic_table,group_by_strings,update,2,17305
500,DECOMPRESSED,FDN,dynamic_table,group_by_strings,update,2,25000
500,COMPRESSED,FDN,dynamic_table,join,update,2,14988
500,DECOMPRESSED,FDN,dynamic_table,join,update,2,26500
500,COMPRESSED,FDN,dynamic_table,flatten,update,2,14980
500,DECOMPRESSED,FDN,dynamic_table,flatten,update,2,25500
500,COMPRESSED,FDN,dynamic_table,scan,insert,2,15783
500,DECOMPRESSED,FDN,dynamic_table,scan,insert,2,27775
500,COMPRESSED,FDN,dynamic_table,group_by,insert,2,25249
500,DECOMPRESSED,FDN,dynamic_table,group_by,insert,2,26250
500,COMPRESSED,FDN,dynamic_table,group_by_strings,insert,2,18525
500,DECOMPRESSED,FDN,dynamic_table,group_by_strings,insert,2,26250
500,COMPRESSED,FDN,dynamic_table,join,insert,2,15777
500,DECOMPRESSED,FDN,dynamic_table,join,insert,2,27775
500,COMPRESSED,FDN,dynamic_table,flatten,insert,2,30653
500,DECOMPRESSED,FDN,dynamic_table,flatten,insert,2,52275
500,COMPRESSED,FDN,dynamic_table,scan,insert_2,2,16568
500,DECOMPRESSED,FDN,dynamic_table,scan,insert_2,2,29050
500,COMPRESSED,FDN,dynamic_table,group_by,insert_2,2,26469
500,DECOMPRESSED,FDN,dynamic_table,group_by,insert_2,2,27500
500,COMPRESSED,FDN,dynamic_table,group_by_strings,insert_2,2,18577
500,DECOMPRESSED,FDN,dynamic_table,group_by_strings,insert_2,2,26300
500,COMPRESSED,FDN,dynamic_table,join,insert_2,2,16564
500,DECOMPRESSED,FDN,dynamic_table,join,insert_2,2,29050
500,COMPRESSED,FDN,dynamic_table,flatten,insert_2,2,47072
500,DECOMPRESSED,FDN,dynamic_table,flatten,insert_2,2,80325
500,COMPRESSED,FDN,dynamic_table,scan,initial_refresh,3,14959
500,DECOMPRESSED,FDN,dynamic_table,scan,initial_refresh,3,26500
500,COMPRESSED,FDN,dynamic_table,group_by,initial_refresh,3,24035
500,DECOMPRESSED,FDN,dynamic_table,group_by,initial_refresh,3,25000
500,COMPRESSED,FDN,dynamic_table,group_by_strings,initial_refresh,3,17213
500,DECOMPRESSED,FDN,dynamic_table,group_by_strings,initial_refresh,3,25000
500,COMPRESSED,FDN,dynamic_table,join,initial_refresh,3,14943
500,DECOMPRESSED,FDN,dynamic_table,join,initial_refresh,3,26500
500,COMPRESSED,FDN,dynamic_table,flatten,initial_refresh,3,14927
500,DECOMPRESSED,FDN,dynamic_table,flatten,initial_refresh,3,25500
500,COMPRESSED,FDN,map_table,scan,initial_refresh,3,2663
500,DECOMPRESSED,FDN,map_table,scan,initial_refresh,3,15420
500,COMPRESSED,FDN,map_table,group_by,initial_refresh,3,11624
500,DECOMPRESSED,FDN,map_table,group_by,initial_refresh,3,15420
500,COMPRESSED,FDN,map_table,group_by_strings,initial_refresh,3,4143
500,DECOMPRESSED,FDN,map_table,group_by_strings,initial_refresh,3,15420
500,COMPRESSED,FDN,map_table,join,initial_refresh,3,2669
500,DECOMPRESSED,FDN,map_table,join,initial_refresh,3,16920
500,COMPRESSED,FDN,map_table,flatten,initial_refresh,3,None
500,DECOMPRESSED,FDN,map_table,flatten,initial_refresh,3,None
500,COMPRESSED,FDN,array_table,scan,initial_refresh,3,12228
500,DECOMPRESSED,FDN,array_table,scan,initial_refresh,3,14500
500,COMPRESSED,FDN,array_table,group_by,initial_refresh,3,11815
500,DECOMPRESSED,FDN,array_table,group_by,initial_refresh,3,14500
500,COMPRESSED,FDN,array_table,group_by_strings,initial_refresh,3,4181
500,DECOMPRESSED,FDN,array_table,group_by_strings,initial_refresh,3,14500
500,COMPRESSED,FDN,array_table,join,initial_refresh,3,13728
500,DECOMPRESSED,FDN,array_table,join,initial_refresh,3,16000
500,COMPRESSED,FDN,array_table,flatten,initial_refresh,3,None
500,DECOMPRESSED,FDN,array_table,flatten,initial_refresh,3,None
500,COMPRESSED,FDN,dynamic_table,scan,update,3,15006
500,DECOMPRESSED,FDN,dynamic_table,scan,update,3,26500
500,COMPRESSED,FDN,dynamic_table,group_by,update,3,24035
500,DECOMPRESSED,FDN,dynamic_table,group_by,update,3,25000
500,COMPRESSED,FDN,dynamic_table,group_by_strings,update,3,17324
500,DECOMPRESSED,FDN,dynamic_table,group_by_strings,update,3,25000
500,COMPRESSED,FDN,dynamic_table,join,update,3,14991
500,DECOMPRESSED,FDN,dynamic_table,join,update,3,26500
500,COMPRESSED,FDN,dynamic_table,flatten,update,3,14970
500,DECOMPRESSED,FDN,dynamic_table,flatten,update,3,25500
500,COMPRESSED,FDN,dynamic_table,scan,insert,3,15792
500,DECOMPRESSED,FDN,dynamic_table,scan,insert,3,27775
500,COMPRESSED,FDN,dynamic_table,group_by,insert,3,25255
500,DECOMPRESSED,FDN,dynamic_table,group_by,insert,3,26250
500,COMPRESSED,FDN,dynamic_table,group_by_strings,insert,3,18544
500,DECOMPRESSED,FDN,dynamic_table,group_by_strings,insert,3,26250
500,COMPRESSED,FDN,dynamic_table,join,insert,3,15777
500,DECOMPRESSED,FDN,dynamic_table,join,insert,3,27775
500,COMPRESSED,FDN,dynamic_table,flatten,insert,3,30652
500,DECOMPRESSED,FDN,dynamic_table,flatten,insert,3,52275
500,COMPRESSED,FDN,dynamic_table,scan,insert_2,3,16579
500,DECOMPRESSED,FDN,dynamic_table,scan,insert_2,3,29050
500,COMPRESSED,FDN,dynamic_table,group_by,insert_2,3,26476
500,DECOMPRESSED,FDN,dynamic_table,group_by,insert_2,3,27500
500,COMPRESSED,FDN,dynamic_table,group_by_strings,insert_2,3,18596
500,DECOMPRESSED,FDN,dynamic_table,group_by_strings,insert_2,3,26300
500,COMPRESSED,FDN,dynamic_table,join,insert_2,3,16566
500,DECOMPRESSED,FDN,dynamic_table,join,insert_2,3,29050
500,COMPRESSED,FDN,dynamic_table,flatten,insert_2,3,47080
500,DECOMPRESSED,FDN,dynamic_table,flatten,insert_2,3,80325
1000,COMPRESSED,FDN,dynamic_table,scan,initial_refresh,1,29746
1000,DECOMPRESSED,FDN,dynamic_table,scan,initial_refresh,1,53000
1000,COMPRESSED,FDN,dynamic_table,group_by,initial_refresh,1,48020
1000,DECOMPRESSED,FDN,dynamic_table,group_by,initial_refresh,1,50000
1000,COMPRESSED,FDN,dynamic_table,group_by_strings,initial_refresh,1,34767
1000,DECOMPRESSED,FDN,dynamic_table,group_by_strings,initial_refresh,1,50000
1000,COMPRESSED,FDN,dynamic_table,join,initial_refresh,1,29720
1000,DECOMPRESSED,FDN,dynamic_table,join,initial_refresh,1,53000
1000,COMPRESSED,FDN,dynamic_table,flatten,initial_refresh,1,29740
1000,DECOMPRESSED,FDN,dynamic_table,flatten,initial_refresh,1,51000
1000,COMPRESSED,FDN,map_table,scan,initial_refresh,1,5294
1000,DECOMPRESSED,FDN,map_table,scan,initial_refresh,1,30920
1000,COMPRESSED,FDN,map_table,group_by,initial_refresh,1,23245
1000,DECOMPRESSED,FDN,map_table,group_by,initial_refresh,1,30920
1000,COMPRESSED,FDN,map_table,group_by_strings,initial_refresh,1,8750
1000,DECOMPRESSED,FDN,map_table,group_by_strings,initial_refresh,1,30920
1000,COMPRESSED,FDN,map_table,join,initial_refresh,1,5299
1000,DECOMPRESSED,FDN,map_table,join,initial_refresh,1,33920
1000,COMPRESSED,FDN,map_table,flatten,initial_refresh,1,None
1000,DECOMPRESSED,FDN,map_table,flatten,initial_refresh,1,None
1000,COMPRESSED,FDN,array_table,scan,initial_refresh,1,24571
1000,DECOMPRESSED,FDN,array_table,scan,initial_refresh,1,29000
1000,COMPRESSED,FDN,array_table,group_by,initial_refresh,1,23716
1000,DECOMPRESSED,FDN,array_table,group_by,initial_refresh,1,29000
1000,COMPRESSED,FDN,array_table,group_by_strings,initial_refresh,1,8809
1000,DECOMPRESSED,FDN,array_table,group_by_strings,initial_refresh,1,29000
1000,COMPRESSED,FDN,array_table,join,initial_refresh,1,27571
1000,DECOMPRESSED,FDN,array_table,join,initial_refresh,1,32000
1000,COMPRESSED,FDN,array_table,flatten,initial_refresh,1,None
1000,DECOMPRESSED,FDN,array_table,flatten,initial_refresh,1,None
1000,COMPRESSED,FDN,dynamic_table,scan,update,1,29808
1000,DECOMPRESSED,FDN,dynamic_table,scan,update,1,53000
1000,COMPRESSED,FDN,dynamic_table,group_by,update,1,48020
1000,DECOMPRESSED,FDN,dynamic_table,group_by,update,1,50000
1000,COMPRESSED,FDN,dynamic_table,group_by_strings,update,1,35015
1000,DECOMPRESSED,FDN,dynamic_table,group_by_strings,update,1,50000
1000,COMPRESSED,FDN,dynamic_table,join,update,1,29779
1000,DECOMPRESSED,FDN,dynamic_table,join,update,1,53000
1000,COMPRESSED,FDN,dynamic_table,flatten,update,1,29797
1000,DECOMPRESSED,FDN,dynamic_table,flatten,update,1,51000
1000,COMPRESSED,FDN,dynamic_table,scan,insert,1,31347
1000,DECOMPRESSED,FDN,dynamic_table,scan,insert,1,55550
1000,COMPRESSED,FDN,dynamic_table,group_by,insert,1,50440
1000,DECOMPRESSED,FDN,dynamic_table,group_by,insert,1,52500
1000,COMPRESSED,FDN,dynamic_table,group_by_strings,insert,1,37434
1000,DECOMPRESSED,FDN,dynamic_table,group_by_strings,insert,1,52500
1000,COMPRESSED,FDN,dynamic_table,join,insert,1,31320
1000,DECOMPRESSED,FDN,dynamic_table,join,insert,1,55550
1000,COMPRESSED,FDN,dynamic_table,flatten,insert,1,61012
1000,DECOMPRESSED,FDN,dynamic_table,flatten,insert,1,104550
1000,COMPRESSED,FDN,dynamic_table,scan,insert_2,1,32887
1000,DECOMPRESSED,FDN,dynamic_table,scan,insert_2,1,58100
1000,COMPRESSED,FDN,dynamic_table,group_by,insert_2,1,52862
1000,DECOMPRESSED,FDN,dynamic_table,group_by,insert_2,1,55000
1000,COMPRESSED,FDN,dynamic_table,group_by_strings,insert_2,1,37486
1000,DECOMPRESSED,FDN,dynamic_table,group_by_strings,insert_2,1,52550
1000,COMPRESSED,FDN,dynamic_table,join,insert_2,1,32855
1000,DECOMPRESSED,FDN,dynamic_table,join,insert_2,1,58100
1000,COMPRESSED,FDN,dynamic_table,flatten,insert_2,1,93713
1000,DECOMPRESSED,FDN,dynamic_table,flatten,insert_2,1,160650
1000,COMPRESSED,FDN,dynamic_table,scan,initial_refresh,2,29740
1000,DECOMPRESSED,FDN,dynamic_table,scan,initial_refresh,2,53000
1000,COMPRESSED,FDN,dynamic_table,group_by,initial_refresh,2,48021
1000,DECOMPRESSED,FDN,dynamic_table,group_by,initial_refresh,2,50000
1000,COMPRESSED,FDN,dynamic_table,group_by_strings,initial_refresh,2,34739
1000,DECOMPRESSED,FDN,dynamic_table,group_by_strings,initial_refresh,2,50000
1000,COMPRESSED,FDN,dynamic_table,join,initial_refresh,2,29792
1000,DECOMPRESSED,FDN,dynamic_table,join,initial_refresh,2,53106
1000,COMPRESSED,FDN,dynamic_table,flatten,initial_refresh,2,29718
1000,DECOMPRESSED,FDN,dynamic_table,flatten,initial_refresh,2,51000
1000,COMPRESSED,FDN,map_table,scan,initial_refresh,2,5294
1000,DECOMPRESSED,FDN,map_table,scan,initial_refresh,2,30920
1000,COMPRESSED,FDN,map_table,group_by,initial_refresh,2,23244
1000,DECOMPRESSED,FDN,map_table,group_by,initial_refresh,2,30920
1000,COMPRESSED,FDN,map_table,group_by_strings,initial_refresh,2,8763
1000,DECOMPRESSED,FDN,map_table,group_by_strings,initial_refresh,2,30920
1000,COMPRESSED,FDN,map_table,join,initial_refresh,2,5311
1000,DECOMPRESSED,FDN,map_table,join,initial_refresh,2,33988
1000,COMPRESSED,FDN,map_table,flatten,initial_refresh,2,None
1000,DECOMPRESSED,FDN,map_table,flatten,initial_refresh,2,None
1000,COMPRESSED,FDN,array_table,scan,initial_refresh,2,24571
1000,DECOMPRESSED,FDN,array_table,scan,initial_refresh,2,29000
1000,COMPRESSED,FDN,array_table,group_by,initial_refresh,2,23724
1000,DECOMPRESSED,FDN,array_table,group_by,initial_refresh,2,29000
1000,COMPRESSED,FDN,array_table,group_by_strings,initial_refresh,2,8819
1000,DECOMPRESSED,FDN,array_table,group_by_strings,initial_refresh,2,29000
1000,COMPRESSED,FDN,array_table,join,initial_refresh,2,27626
1000,DECOMPRESSED,FDN,array_table,join,initial_refresh,2,32064
1000,COMPRESSED,FDN,array_table,flatten,initial_refresh,2,None
1000,DECOMPRESSED,FDN,array_table,flatten,initial_refresh,2,None
1000,COMPRESSED,FDN,dynamic_table,scan,update,2,29798
1000,DECOMPRESSED,FDN,dynamic_table,scan,update,2,53000
1000,COMPRESSED,FDN,dynamic_table,group_by,update,2,48021
1000,DECOMPRESSED,FDN,dynamic_table,group_by,update,2,50000
1000,COMPRESSED,FDN,dynamic_table,group_by_strings,update,2,34954
1000,DECOMPRESSED,FDN,dynamic_table,group_by_strings,update,2,50000
1000,COMPRESSED,FDN,dynamic_table,join,update,2,29857
1000,DECOMPRESSED,FDN,dynamic_table,join,update,2,53106
1000,COMPRESSED,FDN,dynamic_table,flatten,update,2,29783
1000,DECOMPRESSED,FDN,dynamic_table,flatten,update,2,51000
1000,COMPRESSED,FDN,dynamic_table,scan,insert,2,31336
1000,DECOMPRESSED,FDN,dynamic_table,scan,insert,2,55550
1000,COMPRESSED,FDN,dynamic_table,group_by,insert,2,50438
1000,DECOMPRESSED,FDN,dynamic_table,group_by,insert,2,52500
1000,COMPRESSED,FDN,dynamic_table,group_by_strings,insert,2,37375
1000,DECOMPRESSED,FDN,dynamic_table,group_by_strings,insert,2,52500
1000,COMPRESSED,FDN,dynamic_table,join,insert,2,31396
1000,DECOMPRESSED,FDN,dynamic_table,join,insert,2,55656
1000,COMPRESSED,FDN,dynamic_table,flatten,insert,2,60981
1000,DECOMPRESSED,FDN,dynamic_table,flatten,insert,2,104550
1000,COMPRESSED,FDN,dynamic_table,scan,insert_2,2,32876
1000,DECOMPRESSED,FDN,dynamic_table,scan,insert_2,2,58100
1000,COMPRESSED,FDN,dynamic_table,group_by,insert_2,2,52858
1000,DECOMPRESSED,FDN,dynamic_table,group_by,insert_2,2,55000
1000,COMPRESSED,FDN,dynamic_table,group_by_strings,insert_2,2,37427
1000,DECOMPRESSED,FDN,dynamic_table,group_by_strings,insert_2,2,52550
1000,COMPRESSED,FDN,dynamic_table,join,insert_2,2,32935
1000,DECOMPRESSED,FDN,dynamic_table,join,insert_2,2,58206
1000,COMPRESSED,FDN,dynamic_table,flatten,insert_2,2,93649
1000,DECOMPRESSED,FDN,dynamic_table,flatten,insert_2,2,160650
1000,COMPRESSED,FDN,dynamic_table,scan,initial_refresh,3,29736
1000,DECOMPRESSED,FDN,dynamic_table,scan,initial_refresh,3,53000
1000,COMPRESSED,FDN,dynamic_table,group_by,initial_refresh,3,48036
1000,DECOMPRESSED,FDN,dynamic_table,group_by,initial_refresh,3,50000
1000,COMPRESSED,FDN,dynamic_table,group_by_strings,initial_refresh,3,34707
1000,DECOMPRESSED,FDN,dynamic_table,group_by_strings,initial_refresh,3,50000
1000,COMPRESSED,FDN,dynamic_table,join,initial_refresh,3,29810
1000,DECOMPRESSED,FDN,dynamic_table,join,initial_refresh,3,53106
1000,COMPRESSED,FDN,dynamic_table,flatten,initial_refresh,3,29742
1000,DECOMPRESSED,FDN,dynamic_table,flatten,initial_refresh,3,51000
1000,COMPRESSED,FDN,map_table,scan,initial_refresh,3,5293
1000,DECOMPRESSED,FDN,map_table,scan,initial_refresh,3,30920
1000,COMPRESSED,FDN,map_table,group_by,initial_refresh,3,23244
1000,DECOMPRESSED,FDN,map_table,group_by,initial_refresh,3,30920
1000,COMPRESSED,FDN,map_table,group_by_strings,initial_refresh,3,8738
1000,DECOMPRESSED,FDN,map_table,group_by_strings,initial_refresh,3,30920
1000,COMPRESSED,FDN,map_table,join,initial_refresh,3,5311
1000,DECOMPRESSED,FDN,map_table,join,initial_refresh,3,33988
1000,COMPRESSED,FDN,map_table,flatten,initial_refresh,3,None
1000,DECOMPRESSED,FDN,map_table,flatten,initial_refresh,3,None
1000,COMPRESSED,FDN,array_table,scan,initial_refresh,3,24571
1000,DECOMPRESSED,FDN,array_table,scan,initial_refresh,3,29000
1000,COMPRESSED,FDN,array_table,group_by,initial_refresh,3,23711
1000,DECOMPRESSED,FDN,array_table,group_by,initial_refresh,3,29000
1000,COMPRESSED,FDN,array_table,group_by_strings,initial_refresh,3,8865
1000,DECOMPRESSED,FDN,array_table,group_by_strings,initial_refresh,3,29000
1000,COMPRESSED,FDN,array_table,join,initial_refresh,3,27626
1000,DECOMPRESSED,FDN,array_table,join,initial_refresh,3,32064
1000,COMPRESSED,FDN,array_table,flatten,initial_refresh,3,None
1000,DECOMPRESSED,FDN,array_table,flatten,initial_refresh,3,None
1000,COMPRESSED,FDN,dynamic_table,scan,update,3,29801
1000,DECOMPRESSED,FDN,dynamic_table,scan,update,3,53000
1000,COMPRESSED,FDN,dynamic_table,group_by,update,3,48036
1000,DECOMPRESSED,FDN,dynamic_table,group_by,update,3,50000
1000,COMPRESSED,FDN,dynamic_table,group_by_strings,update,3,34932
1000,DECOMPRESSED,FDN,dynamic_table,group_by_strings,update,3,50000
1000,COMPRESSED,FDN,dynamic_table,join,update,3,29876
1000,DECOMPRESSED,FDN,dynamic_table,join,update,3,53106
1000,COMPRESSED,FDN,dynamic_table,flatten,update,3,29807
1000,DECOMPRESSED,FDN,dynamic_table,flatten,update,3,51000
1000,COMPRESSED,FDN,dynamic_table,scan,insert,3,31338
1000,DECOMPRESSED,FDN,dynamic_table,scan,insert,3,55550
1000,COMPRESSED,FDN,dynamic_table,group_by,insert,3,50456
1000,DECOMPRESSED,FDN,dynamic_table,group_by,insert,3,52500
1000,COMPRESSED,FDN,dynamic_table,group_by_strings,insert,3,37353
1000,DECOMPRESSED,FDN,dynamic_table,group_by_strings,insert,3,52500
1000,COMPRESSED,FDN,dynamic_table,join,insert,3,31415
1000,DECOMPRESSED,FDN,dynamic_table,join,insert,3,55656
1000,COMPRESSED,FDN,dynamic_table,flatten,insert,3,60996
1000,DECOMPRESSED,FDN,dynamic_table,flatten,insert,3,104550
1000,COMPRESSED,FDN,dynamic_table,scan,insert_2,3,32875
1000,DECOMPRESSED,FDN,dynamic_table,scan,insert_2,3,58100
1000,COMPRESSED,FDN,dynamic_table,group_by,insert_2,3,52877
1000,DECOMPRESSED,FDN,dynamic_table,group_by,insert_2,3,55000
1000,COMPRESSED,FDN,dynamic_table,group_by_strings,insert_2,3,37405
1000,DECOMPRESSED,FDN,dynamic_table,group_by_strings,insert_2,3,52550
1000,COMPRESSED,FDN,dynamic_table,join,insert_2,3,33024
1000,DECOMPRESSED,FDN,dynamic_table,join,insert_2,3,58308
1000,COMPRESSED,FDN,dynamic_table,flatten,insert_2,3,93664
1000,DECOMPRESSED,FDN,dynamic_table,flatten,insert_2,3,160650
5000,COMPRESSED,FDN,dynamic_table,scan,initial_refresh,1,148532
5000,DECOMPRESSED,FDN,dynamic_table,scan,initial_refresh,1,265000
5000,COMPRESSED,FDN,dynamic_table,group_by,initial_refresh,1,240056
5000,DECOMPRESSED,FDN,dynamic_table,group_by,initial_refresh,1,250000
5000,COMPRESSED,FDN,dynamic_table,group_by_strings,initial_refresh,1,182938
5000,DECOMPRESSED,FDN,dynamic_table,group_by_strings,initial_refresh,1,250000
5000,COMPRESSED,FDN,dynamic_table,join,initial_refresh,1,149147
5000,DECOMPRESSED,FDN,dynamic_table,join,initial_refresh,1,266166
5000,COMPRESSED,FDN,dynamic_table,flatten,initial_refresh,1,148455
5000,DECOMPRESSED,FDN,dynamic_table,flatten,initial_refresh,1,255000
5000,COMPRESSED,FDN,map_table,scan,initial_refresh,1,26383
5000,DECOMPRESSED,FDN,map_table,scan,initial_refresh,1,154920
5000,COMPRESSED,FDN,map_table,group_by,initial_refresh,1,116228
5000,DECOMPRESSED,FDN,map_table,group_by,initial_refresh,1,154920
5000,COMPRESSED,FDN,map_table,group_by_strings,initial_refresh,1,52465
5000,DECOMPRESSED,FDN,map_table,group_by_strings,initial_refresh,1,154920
5000,COMPRESSED,FDN,map_table,join,initial_refresh,1,26514
5000,DECOMPRESSED,FDN,map_table,join,initial_refresh,1,170668
5000,COMPRESSED,FDN,map_table,flatten,initial_refresh,1,None
5000,DECOMPRESSED,FDN,map_table,flatten,initial_refresh,1,None
5000,COMPRESSED,FDN,array_table,scan,initial_refresh,1,124697
5000,DECOMPRESSED,FDN,array_table,scan,initial_refresh,1,145000
5000,COMPRESSED,FDN,array_table,group_by,initial_refresh,1,120331
5000,DECOMPRESSED,FDN,array_table,group_by,initial_refresh,1,145000
5000,COMPRESSED,FDN,array_table,group_by_strings,initial_refresh,1,52501
5000,DECOMPRESSED,FDN,array_table,group_by_strings,initial_refresh,1,145000
5000,COMPRESSED,FDN,array_table,join,initial_refresh,1,140311
5000,DECOMPRESSED,FDN,array_table,join,initial_refresh,1,160704
5000,COMPRESSED,FDN,array_table,flatten,initial_refresh,1,None
5000,DECOMPRESSED,FDN,array_table,flatten,initial_refresh,1,None
5000,COMPRESSED,FDN,dynamic_table,scan,update,1,148604
5000,DECOMPRESSED,FDN,dynamic_table,scan,update,1,265000
5000,COMPRESSED,FDN,dynamic_table,group_by,update,1,240056
5000,DECOMPRESSED,FDN,dynamic_table,group_by,update,1,250000
5000,COMPRESSED,FDN,dynamic_table,group_by_strings,update,1,183802
5000,DECOMPRESSED,FDN,dynamic_table,group_by_strings,update,1,250000
5000,COMPRESSED,FDN,dynamic_table,join,update,1,149203
5000,DECOMPRESSED,FDN,dynamic_table,join,update,1,266166
5000,COMPRESSED,FDN,dynamic_table,flatten,update,1,148569
5000,DECOMPRESSED,FDN,dynamic_table,flatten,update,1,255000
5000,COMPRESSED,FDN,dynamic_table,scan,insert,1,156114
5000,DECOMPRESSED,FDN,dynamic_table,scan,insert,1,277750
5000,COMPRESSED,FDN,dynamic_table,group_by,insert,1,252077
5000,DECOMPRESSED,FDN,dynamic_table,group_by,insert,1,262500
5000,COMPRESSED,FDN,dynamic_table,group_by_strings,insert,1,195824
5000,DECOMPRESSED,FDN,dynamic_table,group_by_strings,insert,1,262500
5000,COMPRESSED,FDN,dynamic_table,join,insert,1,156846
5000,DECOMPRESSED,FDN,dynamic_table,join,insert,1,279120
5000,COMPRESSED,FDN,dynamic_table,flatten,insert,1,304531
5000,DECOMPRESSED,FDN,dynamic_table,flatten,insert,1,522750
5000,COMPRESSED,FDN,dynamic_table,scan,insert_2,1,163624
5000,DECOMPRESSED,FDN,dynamic_table,scan,insert_2,1,290500
5000,COMPRESSED,FDN,dynamic_table,group_by,insert_2,1,264095
5000,DECOMPRESSED,FDN,dynamic_table,group_by,insert_2,1,275000
5000,COMPRESSED,FDN,dynamic_table,group_by_strings,insert_2,1,195876
5000,DECOMPRESSED,FDN,dynamic_table,group_by_strings,insert_2,1,262550
5000,COMPRESSED,FDN,dynamic_table,join,insert_2,1,164372
5000,DECOMPRESSED,FDN,dynamic_table,join,insert_2,1,291870
5000,COMPRESSED,FDN,dynamic_table,flatten,insert_2,1,467888
5000,DECOMPRESSED,FDN,dynamic_table,flatten,insert_2,1,803250
5000,COMPRESSED,FDN,dynamic_table,scan,initial_refresh,2,148557
5000,DECOMPRESSED,FDN,dynamic_table,scan,initial_refresh,2,265000
5000,COMPRESSED,FDN,dynamic_table,group_by,initial_refresh,2,240097
5000,DECOMPRESSED,FDN,dynamic_table,group_by,initial_refresh,2,250000
5000,COMPRESSED,FDN,dynamic_table,group_by_strings,initial_refresh,2,182893
5000,DECOMPRESSED,FDN,dynamic_table,group_by_strings,initial_refresh,2,250000
5000,COMPRESSED,FDN,dynamic_table,join,initial_refresh,2,149138
5000,DECOMPRESSED,FDN,dynamic_table,join,initial_refresh,2,266060
5000,COMPRESSED,FDN,dynamic_table,flatten,initial_refresh,2,148416
5000,DECOMPRESSED,FDN,dynamic_table,flatten,initial_refresh,2,255000
5000,COMPRESSED,FDN,map_table,scan,initial_refresh,2,26383
5000,DECOMPRESSED,FDN,map_table,scan,initial_refresh,2,154920
5000,COMPRESSED,FDN,map_table,group_by,initial_refresh,2,116210
5000,DECOMPRESSED,FDN,map_table,group_by,initial_refresh,2,154920
5000,COMPRESSED,FDN,map_table,group_by_strings,initial_refresh,2,52416
5000,DECOMPRESSED,FDN,map_table,group_by_strings,initial_refresh,2,154920
5000,COMPRESSED,FDN,map_table,join,initial_refresh,2,26506
5000,DECOMPRESSED,FDN,map_table,join,initial_refresh,2,170600
5000,COMPRESSED,FDN,map_table,flatten,initial_refresh,2,None
5000,DECOMPRESSED,FDN,map_table,flatten,initial_refresh,2,None
5000,COMPRESSED,FDN,array_table,scan,initial_refresh,2,124697
5000,DECOMPRESSED,FDN,array_table,scan,initial_refresh,2,145000
5000,COMPRESSED,FDN,array_table,group_by,initial_refresh,2,120278
5000,DECOMPRESSED,FDN,array_table,group_by,initial_refresh,2,145000
5000,COMPRESSED,FDN,array_table,group_by_strings,initial_refresh,2,52449
5000,DECOMPRESSED,FDN,array_table,group_by_strings,initial_refresh,2,145000
5000,COMPRESSED,FDN,array_table,join,initial_refresh,2,140255
5000,DECOMPRESSED,FDN,array_table,join,initial_refresh,2,160640
5000,COMPRESSED,FDN,array_table,flatten,initial_refresh,2,None
5000,DECOMPRESSED,FDN,array_table,flatten,initial_refresh,2,None
5000,COMPRESSED,FDN,dynamic_table,scan,update,2,148626
5000,DECOMPRESSED,FDN,dynamic_table,scan,update,2,265000
5000,COMPRESSED,FDN,dynamic_table,group_by,update,2,240097
5000,DECOMPRESSED,FDN,dynamic_table,group_by,update,2,250000
5000,COMPRESSED,FDN,dynamic_table,group_by_strings,update,2,183883
5000,DECOMPRESSED,FDN,dynamic_table,group_by_strings,update,2,250000
5000,COMPRESSED,FDN,dynamic_table,join,update,2,149259
5000,DECOMPRESSED,FDN,dynamic_table,join,update,2,266166
5000,COMPRESSED,FDN,dynamic_table,flatten,update,2,148535
5000,DECOMPRESSED,FDN,dynamic_table,flatten,update,2,255000
5000,COMPRESSED,FDN,dynamic_table,scan,insert,2,156139
5000,DECOMPRESSED,FDN,dynamic_table,scan,insert,2,277750
5000,COMPRESSED,FDN,dynamic_table,group_by,insert,2,252126
5000,DECOMPRESSED,FDN,dynamic_table,group_by,insert,2,262500
5000,COMPRESSED,FDN,dynamic_table,group_by_strings,insert,2,195912
5000,DECOMPRESSED,FDN,dynamic_table,group_by_strings,insert,2,262500
5000,COMPRESSED,FDN,dynamic_table,join,insert,2,156844
5000,DECOMPRESSED,FDN,dynamic_table,join,insert,2,279018
5000,COMPRESSED,FDN,dynamic_table,flatten,insert,2,304459
5000,DECOMPRESSED,FDN,dynamic_table,flatten,insert,2,522750
5000,COMPRESSED,FDN,dynamic_table,scan,insert_2,2,163643
5000,DECOMPRESSED,FDN,dynamic_table,scan,insert_2,2,290500
5000,COMPRESSED,FDN,dynamic_table,group_by,insert_2,2,264150
5000,DECOMPRESSED,FDN,dynamic_table,group_by,insert_2,2,275000
5000,COMPRESSED,FDN,dynamic_table,group_by_strings,insert_2,2,195964
5000,DECOMPRESSED,FDN,dynamic_table,group_by_strings,insert_2,2,262550
5000,COMPRESSED,FDN,dynamic_table,join,insert_2,2,164433
5000,DECOMPRESSED,FDN,dynamic_table,join,insert_2,2,291870
5000,COMPRESSED,FDN,dynamic_table,flatten,insert_2,2,467820
5000,DECOMPRESSED,FDN,dynamic_table,flatten,insert_2,2,803250
5000,COMPRESSED,FDN,dynamic_table,scan,initial_refresh,3,148501
5000,DECOMPRESSED,FDN,dynamic_table,scan,initial_refresh,3,265000
5000,COMPRESSED,FDN,dynamic_table,group_by,initial_refresh,3,240065
5000,DECOMPRESSED,FDN,dynamic_table,group_by,initial_refresh,3,250000
5000,COMPRESSED,FDN,dynamic_table,group_by_strings,initial_refresh,3,182886
5000,DECOMPRESSED,FDN,dynamic_table,group_by_strings,initial_refresh,3,250000
5000,COMPRESSED,FDN,dynamic_table,join,initial_refresh,3,149712
5000,DECOMPRESSED,FDN,dynamic_table,join,initial_refresh,3,267120
5000,COMPRESSED,FDN,dynamic_table,flatten,initial_refresh,3,148411
5000,DECOMPRESSED,FDN,dynamic_table,flatten,initial_refresh,3,255000
5000,COMPRESSED,FDN,map_table,scan,initial_refresh,3,26383
5000,DECOMPRESSED,FDN,map_table,scan,initial_refresh,3,154920
5000,COMPRESSED,FDN,map_table,group_by,initial_refresh,3,116207
5000,DECOMPRESSED,FDN,map_table,group_by,initial_refresh,3,154920
5000,COMPRESSED,FDN,map_table,group_by_strings,initial_refresh,3,52493
5000,DECOMPRESSED,FDN,map_table,group_by_strings,initial_refresh,3,154920
5000,COMPRESSED,FDN,map_table,join,initial_refresh,3,26611
5000,DECOMPRESSED,FDN,map_table,join,initial_refresh,3,171280
5000,COMPRESSED,FDN,map_table,flatten,initial_refresh,3,None
5000,DECOMPRESSED,FDN,map_table,flatten,initial_refresh,3,None
5000,COMPRESSED,FDN,array_table,scan,initial_refresh,3,124697
5000,DECOMPRESSED,FDN,array_table,scan,initial_refresh,3,145000
5000,COMPRESSED,FDN,array_table,group_by,initial_refresh,3,120317
5000,DECOMPRESSED,FDN,array_table,group_by,initial_refresh,3,145000
5000,COMPRESSED,FDN,array_table,group_by_strings,initial_refresh,3,52331
5000,DECOMPRESSED,FDN,array_table,group_by_strings,initial_refresh,3,145000
5000,COMPRESSED,FDN,array_table,join,initial_refresh,3,140813
5000,DECOMPRESSED,FDN,array_table,join,initial_refresh,3,161280
5000,COMPRESSED,FDN,array_table,flatten,initial_refresh,3,None
5000,DECOMPRESSED,FDN,array_table,flatten,initial_refresh,3,None
5000,COMPRESSED,FDN,dynamic_table,scan,update,3,148569
5000,DECOMPRESSED,FDN,dynamic_table,scan,update,3,265000
5000,COMPRESSED,FDN,dynamic_table,group_by,update,3,240065
5000,DECOMPRESSED,FDN,dynamic_table,group_by,update,3,250000
5000,COMPRESSED,FDN,dynamic_table,group_by_strings,update,3,183696
5000,DECOMPRESSED,FDN,dynamic_table,group_by_strings,update,3,250000
5000,COMPRESSED,FDN,dynamic_table,join,update,3,149820
5000,DECOMPRESSED,FDN,dynamic_table,join,update,3,267120
5000,COMPRESSED,FDN,dynamic_table,flatten,update,3,148544
5000,DECOMPRESSED,FDN,dynamic_table,flatten,update,3,255000
5000,COMPRESSED,FDN,dynamic_table,scan,insert,3,156084
5000,DECOMPRESSED,FDN,dynamic_table,scan,insert,3,277750
5000,COMPRESSED,FDN,dynamic_table,group_by,insert,3,252092
5000,DECOMPRESSED,FDN,dynamic_table,group_by,insert,3,262500
5000,COMPRESSED,FDN,dynamic_table,group_by_strings,insert,3,195718
5000,DECOMPRESSED,FDN,dynamic_table,group_by_strings,insert,3,262500
5000,COMPRESSED,FDN,dynamic_table,join,insert,3,157406
5000,DECOMPRESSED,FDN,dynamic_table,join,insert,3,279972
5000,COMPRESSED,FDN,dynamic_table,flatten,insert,3,304517
5000,DECOMPRESSED,FDN,dynamic_table,flatten,insert,3,522750
5000,COMPRESSED,FDN,dynamic_table,scan,insert_2,3,163596
5000,DECOMPRESSED,FDN,dynamic_table,scan,insert_2,3,290500
5000,COMPRESSED,FDN,dynamic_table,group_by,insert_2,3,264116
5000,DECOMPRESSED,FDN,dynamic_table,group_by,insert_2,3,275000
5000,COMPRESSED,FDN,dynamic_table,group_by_strings,insert_2,3,195770
5000,DECOMPRESSED,FDN,dynamic_table,group_by_strings,insert_2,3,262550
5000,COMPRESSED,FDN,dynamic_table,join,insert_2,3,164924
5000,DECOMPRESSED,FDN,dynamic_table,join,insert_2,3,292722
5000,COMPRESSED,FDN,dynamic_table,flatten,insert_2,3,467902
5000,DECOMPRESSED,FDN,dynamic_table,flatten,insert_2,3,803250
10000,COMPRESSED,FDN,dynamic_table,scan,initial_refresh,1,296992
10000,DECOMPRESSED,FDN,dynamic_table,scan,initial_refresh,1,530000
10000,COMPRESSED,FDN,dynamic_table,group_by,initial_refresh,1,480145
10000,DECOMPRESSED,FDN,dynamic_table,group_by,initial_refresh,1,500000
10000,COMPRESSED,FDN,dynamic_table,group_by_strings,initial_refresh,1,375671
10000,DECOMPRESSED,FDN,dynamic_table,group_by_strings,initial_refresh,1,500000
10000,COMPRESSED,FDN,dynamic_table,join,initial_refresh,1,299578
10000,DECOMPRESSED,FDN,dynamic_table,join,initial_refresh,1,534452
10000,COMPRESSED,FDN,dynamic_table,flatten,initial_refresh,1,296871
10000,DECOMPRESSED,FDN,dynamic_table,flatten,initial_refresh,1,510000
10000,COMPRESSED,FDN,map_table,scan,initial_refresh,1,52856
10000,DECOMPRESSED,FDN,map_table,scan,initial_refresh,1,309920
10000,COMPRESSED,FDN,map_table,group_by,initial_refresh,1,232424
10000,DECOMPRESSED,FDN,map_table,group_by,initial_refresh,1,309920
10000,COMPRESSED,FDN,map_table,group_by_strings,initial_refresh,1,114736
10000,DECOMPRESSED,FDN,map_table,group_by_strings,initial_refresh,1,309920
10000,COMPRESSED,FDN,map_table,join,initial_refresh,1,53224
10000,DECOMPRESSED,FDN,map_table,join,initial_refresh,1,342776
10000,COMPRESSED,FDN,map_table,flatten,initial_refresh,1,None
10000,DECOMPRESSED,FDN,map_table,flatten,initial_refresh,1,None
10000,COMPRESSED,FDN,array_table,scan,initial_refresh,1,250633
10000,DECOMPRESSED,FDN,array_table,scan,initial_refresh,1,290000
10000,COMPRESSED,FDN,array_table,group_by,initial_refresh,1,241868
10000,DECOMPRESSED,FDN,array_table,group_by,initial_refresh,1,290000
10000,COMPRESSED,FDN,array_table,group_by_strings,initial_refresh,1,116239
10000,DECOMPRESSED,FDN,array_table,group_by_strings,initial_refresh,1,290000
10000,COMPRESSED,FDN,array_table,join,initial_refresh,1,282993
10000,DECOMPRESSED,FDN,array_table,join,initial_refresh,1,322688
10000,COMPRESSED,FDN,array_table,flatten,initial_refresh,1,None
10000,DECOMPRESSED,FDN,array_table,flatten,initial_refresh,1,None
10000,COMPRESSED,FDN,dynamic_table,scan,update,1,297060
10000,DECOMPRESSED,FDN,dynamic_table,scan,update,1,530000
10000,COMPRESSED,FDN,dynamic_table,group_by,update,1,480145
10000,DECOMPRESSED,FDN,dynamic_table,group_by,update,1,500000
10000,COMPRESSED,FDN,dynamic_table,group_by_strings,update,1,377458
10000,DECOMPRESSED,FDN,dynamic_table,group_by_strings,update,1,500000
10000,COMPRESSED,FDN,dynamic_table,join,update,1,299822
10000,DECOMPRESSED,FDN,dynamic_table,join,update,1,534770
10000,COMPRESSED,FDN,dynamic_table,flatten,update,1,297068
10000,DECOMPRESSED,FDN,dynamic_table,flatten,update,1,510000
10000,COMPRESSED,FDN,dynamic_table,scan,insert,1,311996
10000,DECOMPRESSED,FDN,dynamic_table,scan,insert,1,555500
10000,COMPRESSED,FDN,dynamic_table,group_by,insert,1,504173
10000,DECOMPRESSED,FDN,dynamic_table,group_by,insert,1,525000
10000,COMPRESSED,FDN,dynamic_table,group_by_strings,insert,1,401491
10000,DECOMPRESSED,FDN,dynamic_table,group_by_strings,insert,1,525000
10000,COMPRESSED,FDN,dynamic_table,join,insert,1,315024
10000,DECOMPRESSED,FDN,dynamic_table,join,insert,1,560678
10000,COMPRESSED,FDN,dynamic_table,flatten,insert,1,608866
10000,DECOMPRESSED,FDN,dynamic_table,flatten,insert,1,1045500
10000,COMPRESSED,FDN,dynamic_table,scan,insert_2,1,326949
10000,DECOMPRESSED,FDN,dynamic_table,scan,insert_2,1,581000
10000,COMPRESSED,FDN,dynamic_table,group_by,insert_2,1,528204
10000,DECOMPRESSED,FDN,dynamic_table,group_by,insert_2,1,550000
10000,COMPRESSED,FDN,dynamic_table,group_by_strings,insert_2,1,401543
10000,DECOMPRESSED,FDN,dynamic_table,group_by_strings,insert_2,1,525050
10000,COMPRESSED,FDN,dynamic_table,join,insert_2,1,330170
10000,DECOMPRESSED,FDN,dynamic_table,join,insert_2,1,586484
10000,COMPRESSED,FDN,dynamic_table,flatten,insert_2,1,935522
10000,DECOMPRESSED,FDN,dynamic_table,flatten,insert_2,1,1606500
10000,COMPRESSED,FDN,dynamic_table,scan,initial_refresh,2,297009
10000,DECOMPRESSED,FDN,dynamic_table,scan,initial_refresh,2,530000
10000,COMPRESSED,FDN,dynamic_table,group_by,initial_refresh,2,480182
10000,DECOMPRESSED,FDN,dynamic_table,group_by,initial_refresh,2,500000
10000,COMPRESSED,FDN,dynamic_table,group_by_strings,initial_refresh,2,375247
10000,DECOMPRESSED,FDN,dynamic_table,group_by_strings,initial_refresh,2,500000
10000,COMPRESSED,FDN,dynamic_table,join,initial_refresh,2,300114
10000,DECOMPRESSED,FDN,dynamic_table,join,initial_refresh,2,535512
10000,COMPRESSED,FDN,dynamic_table,flatten,initial_refresh,2,296932
10000,DECOMPRESSED,FDN,dynamic_table,flatten,initial_refresh,2,510000
10000,COMPRESSED,FDN,map_table,scan,initial_refresh,2,52851
10000,DECOMPRESSED,FDN,map_table,scan,initial_refresh,2,309920
10000,COMPRESSED,FDN,map_table,group_by,initial_refresh,2,232442
10000,DECOMPRESSED,FDN,map_table,group_by,initial_refresh,2,309920
10000,COMPRESSED,FDN,map_table,group_by_strings,initial_refresh,2,114299
10000,DECOMPRESSED,FDN,map_table,group_by_strings,initial_refresh,2,309920
10000,COMPRESSED,FDN,map_table,join,initial_refresh,2,53329
10000,DECOMPRESSED,FDN,map_table,join,initial_refresh,2,343456
10000,COMPRESSED,FDN,map_table,flatten,initial_refresh,2,None
10000,DECOMPRESSED,FDN,map_table,flatten,initial_refresh,2,None
10000,COMPRESSED,FDN,array_table,scan,initial_refresh,2,250633
10000,DECOMPRESSED,FDN,array_table,scan,initial_refresh,2,290000
10000,COMPRESSED,FDN,array_table,group_by,initial_refresh,2,241814
10000,DECOMPRESSED,FDN,array_table,group_by,initial_refresh,2,290000
10000,COMPRESSED,FDN,array_table,group_by_strings,initial_refresh,2,115705
10000,DECOMPRESSED,FDN,array_table,group_by_strings,initial_refresh,2,290000
10000,COMPRESSED,FDN,array_table,join,initial_refresh,2,283553
10000,DECOMPRESSED,FDN,array_table,join,initial_refresh,2,323328
10000,COMPRESSED,FDN,array_table,flatten,initial_refresh,2,None
10000,DECOMPRESSED,FDN,array_table,flatten,initial_refresh,2,None
10000,COMPRESSED,FDN,dynamic_table,scan,update,2,297091
10000,DECOMPRESSED,FDN,dynamic_table,scan,update,2,530000
10000,COMPRESSED,FDN,dynamic_table,group_by,update,2,480182
10000,DECOMPRESSED,FDN,dynamic_table,group_by,update,2,500000
10000,COMPRESSED,FDN,dynamic_table,group_by_strings,update,2,377140
10000,DECOMPRESSED,FDN,dynamic_table,group_by_strings,update,2,500000
10000,COMPRESSED,FDN,dynamic_table,join,update,2,300699
10000,DECOMPRESSED,FDN,dynamic_table,join,update,2,536360
10000,COMPRESSED,FDN,dynamic_table,flatten,update,2,297110
10000,DECOMPRESSED,FDN,dynamic_table,flatten,update,2,510000
10000,COMPRESSED,FDN,dynamic_table,scan,insert,2,312033
10000,DECOMPRESSED,FDN,dynamic_table,scan,insert,2,555500
10000,COMPRESSED,FDN,dynamic_table,group_by,insert,2,504209
10000,DECOMPRESSED,FDN,dynamic_table,group_by,insert,2,525000
10000,COMPRESSED,FDN,dynamic_table,group_by_strings,insert,2,401160
10000,DECOMPRESSED,FDN,dynamic_table,group_by_strings,insert,2,525000
10000,COMPRESSED,FDN,dynamic_table,join,insert,2,315716
10000,DECOMPRESSED,FDN,dynamic_table,join,insert,2,561962
10000,COMPRESSED,FDN,dynamic_table,flatten,insert,2,608864
10000,DECOMPRESSED,FDN,dynamic_table,flatten,insert,2,1045500
10000,COMPRESSED,FDN,dynamic_table,scan,insert_2,2,326976
10000,DECOMPRESSED,FDN,dynamic_table,scan,insert_2,2,581000
10000,COMPRESSED,FDN,dynamic_table,group_by,insert_2,2,528236
10000,DECOMPRESSED,FDN,dynamic_table,group_by,insert_2,2,550000
10000,COMPRESSED,FDN,dynamic_table,group_by_strings,insert_2,2,401212
10000,DECOMPRESSED,FDN,dynamic_table,group_by_strings,insert_2,2,525050
10000,COMPRESSED,FDN,dynamic_table,join,insert_2,2,331033
10000,DECOMPRESSED,FDN,dynamic_table,join,insert_2,2,588074
10000,COMPRESSED,FDN,dynamic_table,flatten,insert_2,2,935472
10000,DECOMPRESSED,FDN,dynamic_table,flatten,insert_2,2,1606500
10000,COMPRESSED,FDN,dynamic_table,scan,initial_refresh,3,297060
10000,DECOMPRESSED,FDN,dynamic_table,scan,initial_refresh,3,530000
10000,COMPRESSED,FDN,dynamic_table,group_by,initial_refresh,3,480125
10000,DECOMPRESSED,FDN,dynamic_table,group_by,initial_refresh,3,500000
10000,COMPRESSED,FDN,dynamic_table,group_by_strings,initial_refresh,3,375996
10000,DECOMPRESSED,FDN,dynamic_table,group_by_strings,initial_refresh,3,500000
10000,COMPRESSED,FDN,dynamic_table,join,initial_refresh,3,299991
10000,DECOMPRESSED,FDN,dynamic_table,join,initial_refresh,3,535300
10000,COMPRESSED,FDN,dynamic_table,flatten,initial_refresh,3,296966
10000,DECOMPRESSED,FDN,dynamic_table,flatten,initial_refresh,3,510000
10000,COMPRESSED,FDN,map_table,scan,initial_refresh,3,52856
10000,DECOMPRESSED,FDN,map_table,scan,initial_refresh,3,309920
10000,COMPRESSED,FDN,map_table,group_by,initial_refresh,3,232454
10000,DECOMPRESSED,FDN,map_table,group_by,initial_refresh,3,309920
10000,COMPRESSED,FDN,map_table,group_by_strings,initial_refresh,3,114843
10000,DECOMPRESSED,FDN,map_table,group_by_strings,initial_refresh,3,309920
10000,COMPRESSED,FDN,map_table,join,initial_refresh,3,53302
10000,DECOMPRESSED,FDN,map_table,join,initial_refresh,3,343320
10000,COMPRESSED,FDN,map_table,flatten,initial_refresh,3,None
10000,DECOMPRESSED,FDN,map_table,flatten,initial_refresh,3,None
10000,COMPRESSED,FDN,array_table,scan,initial_refresh,3,250633
10000,DECOMPRESSED,FDN,array_table,scan,initial_refresh,3,290000
10000,COMPRESSED,FDN,array_table,group_by,initial_refresh,3,241722
10000,DECOMPRESSED,FDN,array_table,group_by,initial_refresh,3,290000
10000,COMPRESSED,FDN,array_table,group_by_strings,initial_refresh,3,116368
10000,DECOMPRESSED,FDN,array_table,group_by_strings,initial_refresh,3,290000
10000,COMPRESSED,FDN,array_table,join,initial_refresh,3,283442
10000,DECOMPRESSED,FDN,array_table,join,initial_refresh,3,323200
10000,COMPRESSED,FDN,array_table,flatten,initial_refresh,3,None
10000,DECOMPRESSED,FDN,array_table,flatten,initial_refresh,3,None
10000,COMPRESSED,FDN,dynamic_table,scan,update,3,297153
10000,DECOMPRESSED,FDN,dynamic_table,scan,update,3,530000
10000,COMPRESSED,FDN,dynamic_table,group_by,update,3,480125
10000,DECOMPRESSED,FDN,dynamic_table,group_by,update,3,500000
10000,COMPRESSED,FDN,dynamic_table,group_by_strings,update,3,377877
10000,DECOMPRESSED,FDN,dynamic_table,group_by_strings,update,3,500000
10000,COMPRESSED,FDN,dynamic_table,join,update,3,300372
10000,DECOMPRESSED,FDN,dynamic_table,join,update,3,535830
10000,COMPRESSED,FDN,dynamic_table,flatten,update,3,297099
10000,DECOMPRESSED,FDN,dynamic_table,flatten,update,3,510000
10000,COMPRESSED,FDN,dynamic_table,scan,insert,3,312090
10000,DECOMPRESSED,FDN,dynamic_table,scan,insert,3,555500
10000,COMPRESSED,FDN,dynamic_table,group_by,insert,3,504156
10000,DECOMPRESSED,FDN,dynamic_table,group_by,insert,3,525000
10000,COMPRESSED,FDN,dynamic_table,group_by_strings,insert,3,401888
10000,DECOMPRESSED,FDN,dynamic_table,group_by_strings,insert,3,525000
10000,COMPRESSED,FDN,dynamic_table,join,insert,3,315584
10000,DECOMPRESSED,FDN,dynamic_table,join,insert,3,561738
10000,COMPRESSED,FDN,dynamic_table,flatten,insert,3,608872
10000,DECOMPRESSED,FDN,dynamic_table,flatten,insert,3,1045500
10000,COMPRESSED,FDN,dynamic_table,scan,insert_2,3,327056
10000,DECOMPRESSED,FDN,dynamic_table,scan,insert_2,3,581000
10000,COMPRESSED,FDN,dynamic_table,group_by,insert_2,3,528175
10000,DECOMPRESSED,FDN,dynamic_table,group_by,insert_2,3,550000
10000,COMPRESSED,FDN,dynamic_table,group_by_strings,insert_2,3,401940
10000,DECOMPRESSED,FDN,dynamic_table,group_by_strings,insert_2,3,525050
10000,COMPRESSED,FDN,dynamic_table,join,insert_2,3,330892
10000,DECOMPRESSED,FDN,dynamic_table,join,insert_2,3,587850
10000,COMPRESSED,FDN,dynamic_table,flatten,insert_2,3,935458
10000,DECOMPRESSED,FDN,dynamic_table,flatten,insert_2,3,1606500
50000,COMPRESSED,FDN,dynamic_table,scan,initial_refresh,1,1484850
50000,DECOMPRESSED,FDN,dynamic_table,scan,initial_refresh,1,2650000
50000,COMPRESSED,FDN,dynamic_table,group_by,initial_refresh,1,2400779
50000,DECOMPRESSED,FDN,dynamic_table,group_by,initial_refresh,1,2500000
50000,COMPRESSED,FDN,dynamic_table,group_by_strings,initial_refresh,1,1991689
50000,DECOMPRESSED,FDN,dynamic_table,group_by_strings,initial_refresh,1,2500000
50000,COMPRESSED,FDN,dynamic_table,join,initial_refresh,1,1560157
50000,DECOMPRESSED,FDN,dynamic_table,join,initial_refresh,1,2783984
50000,COMPRESSED,FDN,dynamic_table,flatten,initial_refresh,1,1484319
50000,DECOMPRESSED,FDN,dynamic_table,flatten,initial_refresh,1,2550000
50000,COMPRESSED,FDN,map_table,scan,initial_refresh,1,263733
50000,DECOMPRESSED,FDN,map_table,scan,initial_refresh,1,1583536
50000,COMPRESSED,FDN,map_table,group_by,initial_refresh,1,1154899
50000,DECOMPRESSED,FDN,map_table,group_by,initial_refresh,1,1567072
50000,COMPRESSED,FDN,map_table,group_by_strings,initial_refresh,1,677521
50000,DECOMPRESSED,FDN,map_table,group_by_strings,initial_refresh,1,1583536
50000,COMPRESSED,FDN,map_table,join,initial_refresh,1,277206
50000,DECOMPRESSED,FDN,map_table,join,initial_refresh,1,1822016
50000,COMPRESSED,FDN,map_table,flatten,initial_refresh,1,None
50000,DECOMPRESSED,FDN,map_table,flatten,initial_refresh,1,None
50000,COMPRESSED,FDN,array_table,scan,initial_refresh,1,1265648
50000,DECOMPRESSED,FDN,array_table,scan,initial_refresh,1,1550000
50000,COMPRESSED,FDN,array_table,group_by,initial_refresh,1,1215226
50000,DECOMPRESSED,FDN,array_table,group_by,initial_refresh,1,1450000
50000,COMPRESSED,FDN,array_table,group_by_strings,initial_refresh,1,698161
50000,DECOMPRESSED,FDN,array_table,group_by_strings,initial_refresh,1,1550000
50000,COMPRESSED,FDN,array_table,join,initial_refresh,1,1487222
50000,DECOMPRESSED,FDN,array_table,join,initial_refresh,1,1785952
50000,COMPRESSED,FDN,array_table,flatten,initial_refresh,1,None
50000,DECOMPRESSED,FDN,array_table,flatten,initial_refresh,1,None
50000,COMPRESSED,FDN,dynamic_table,scan,update,1,1484856
50000,DECOMPRESSED,FDN,dynamic_table,scan,update,1,2650000
50000,COMPRESSED,FDN,dynamic_table,group_by,update,1,2400779
50000,DECOMPRESSED,FDN,dynamic_table,group_by,update,1,2500000
50000,COMPRESSED,FDN,dynamic_table,group_by_strings,update,1,2000313
50000,DECOMPRESSED,FDN,dynamic_table,group_by_strings,update,1,2500000
50000,COMPRESSED,FDN,dynamic_table,join,update,1,1567274
50000,DECOMPRESSED,FDN,dynamic_table,join,update,1,2796704
50000,COMPRESSED,FDN,dynamic_table,flatten,update,1,1484354
50000,DECOMPRESSED,FDN,dynamic_table,flatten,update,1,2550000
50000,COMPRESSED,FDN,dynamic_table,scan,insert,1,1559082
50000,DECOMPRESSED,FDN,dynamic_table,scan,insert,1,2777500
50000,COMPRESSED,FDN,dynamic_table,group_by,insert,1,2520803
50000,DECOMPRESSED,FDN,dynamic_table,group_by,insert,1,2625000
50000,COMPRESSED,FDN,dynamic_table,group_by_strings,insert,1,2120370
50000,DECOMPRESSED,FDN,dynamic_table,group_by_strings,insert,1,2625000
50000,COMPRESSED,FDN,dynamic_table,join,insert,1,1649780
50000,DECOMPRESSED,FDN,dynamic_table,join,insert,1,2937872
50000,COMPRESSED,FDN,dynamic_table,flatten,insert,1,3042844
50000,DECOMPRESSED,FDN,dynamic_table,flatten,insert,1,5227500
50000,COMPRESSED,FDN,dynamic_table,scan,insert_2,1,1633278
50000,DECOMPRESSED,FDN,dynamic_table,scan,insert_2,1,2905000
50000,COMPRESSED,FDN,dynamic_table,group_by,insert_2,1,2640824
50000,DECOMPRESSED,FDN,dynamic_table,group_by,insert_2,1,2750000
50000,COMPRESSED,FDN,dynamic_table,group_by_strings,insert_2,1,2120422
50000,DECOMPRESSED,FDN,dynamic_table,group_by_strings,insert_2,1,2625050
50000,COMPRESSED,FDN,dynamic_table,join,insert_2,1,1733257
50000,DECOMPRESSED,FDN,dynamic_table,join,insert_2,1,3080672
50000,COMPRESSED,FDN,dynamic_table,flatten,insert_2,1,4675531
50000,DECOMPRESSED,FDN,dynamic_table,flatten,insert_2,1,8032500
50000,COMPRESSED,FDN,dynamic_table,scan,initial_refresh,2,1484676
50000,DECOMPRESSED,FDN,dynamic_table,scan,initial_refresh,2,2650000
50000,COMPRESSED,FDN,dynamic_table,group_by,initial_refresh,2,2400722
50000,DECOMPRESSED,FDN,dynamic_table,group_by,initial_refresh,2,2500000
50000,COMPRESSED,FDN,dynamic_table,group_by_strings,initial_refresh,2,1992252
50000,DECOMPRESSED,FDN,dynamic_table,group_by_strings,initial_refresh,2,2500000
50000,COMPRESSED,FDN,dynamic_table,join,initial_refresh,2,1560921
50000,DECOMPRESSED,FDN,dynamic_table,join,initial_refresh,2,2785892
50000,COMPRESSED,FDN,dynamic_table,flatten,initial_refresh,2,1484332
50000,DECOMPRESSED,FDN,dynamic_table,flatten,initial_refresh,2,2550000
50000,COMPRESSED,FDN,map_table,scan,initial_refresh,2,263733
50000,DECOMPRESSED,FDN,map_table,scan,initial_refresh,2,1583536
50000,COMPRESSED,FDN,map_table,group_by,initial_refresh,2,1159859
50000,DECOMPRESSED,FDN,map_table,group_by,initial_refresh,2,1567072
50000,COMPRESSED,FDN,map_table,group_by_strings,initial_refresh,2,678115
50000,DECOMPRESSED,FDN,map_table,group_by_strings,initial_refresh,2,1583536
50000,COMPRESSED,FDN,map_table,join,initial_refresh,2,277414
50000,DECOMPRESSED,FDN,map_table,join,initial_refresh,2,1823276
50000,COMPRESSED,FDN,map_table,flatten,initial_refresh,2,None
50000,DECOMPRESSED,FDN,map_table,flatten,initial_refresh,2,None
50000,COMPRESSED,FDN,array_table,scan,initial_refresh,2,1265648
50000,DECOMPRESSED,FDN,array_table,scan,initial_refresh,2,1550000
50000,COMPRESSED,FDN,array_table,group_by,initial_refresh,2,1215220
50000,DECOMPRESSED,FDN,array_table,group_by,initial_refresh,2,1450000
50000,COMPRESSED,FDN,array_table,group_by_strings,initial_refresh,2,698220
50000,DECOMPRESSED,FDN,array_table,group_by_strings,initial_refresh,2,1550000
50000,COMPRESSED,FDN,array_table,join,initial_refresh,2,1488244
50000,DECOMPRESSED,FDN,array_table,join,initial_refresh,2,1787176
50000,COMPRESSED,FDN,array_table,flatten,initial_refresh,2,None
50000,DECOMPRESSED,FDN,array_table,flatten,initial_refresh,2,None
50000,COMPRESSED,FDN,dynamic_table,scan,update,2,1484702
50000,DECOMPRESSED,FDN,dynamic_table,scan,update,2,2650000
50000,COMPRESSED,FDN,dynamic_table,group_by,update,2,2400722
50000,DECOMPRESSED,FDN,dynamic_table,group_by,update,2,2500000
50000,COMPRESSED,FDN,dynamic_table,group_by_strings,update,2,2000637
50000,DECOMPRESSED,FDN,dynamic_table,group_by_strings,update,2,2500000
50000,COMPRESSED,FDN,dynamic_table,join,update,2,1568862
50000,DECOMPRESSED,FDN,dynamic_table,join,update,2,2799672
50000,COMPRESSED,FDN,dynamic_table,flatten,update,2,1484318
50000,DECOMPRESSED,FDN,dynamic_table,flatten,update,2,2550000
50000,COMPRESSED,FDN,dynamic_table,scan,insert,2,1558955
50000,DECOMPRESSED,FDN,dynamic_table,scan,insert,2,2777500
50000,COMPRESSED,FDN,dynamic_table,group_by,insert,2,2520791
50000,DECOMPRESSED,FDN,dynamic_table,group_by,insert,2,2625000
50000,COMPRESSED,FDN,dynamic_table,group_by_strings,insert,2,2120657
50000,DECOMPRESSED,FDN,dynamic_table,group_by_strings,insert,2,2625000
50000,COMPRESSED,FDN,dynamic_table,join,insert,2,1651364
50000,DECOMPRESSED,FDN,dynamic_table,join,insert,2,2940738
50000,COMPRESSED,FDN,dynamic_table,flatten,insert,2,3042832
50000,DECOMPRESSED,FDN,dynamic_table,flatten,insert,2,5227500
50000,COMPRESSED,FDN,dynamic_table,scan,insert_2,2,1633208
50000,DECOMPRESSED,FDN,dynamic_table,scan,insert_2,2,2905000
50000,COMPRESSED,FDN,dynamic_table,group_by,insert_2,2,2640850
50000,DECOMPRESSED,FDN,dynamic_table,group_by,insert_2,2,2750000
50000,COMPRESSED,FDN,dynamic_table,group_by_strings,insert_2,2,2120709
50000,DECOMPRESSED,FDN,dynamic_table,group_by_strings,insert_2,2,2625050
50000,COMPRESSED,FDN,dynamic_table,join,insert_2,2,1733998
50000,DECOMPRESSED,FDN,dynamic_table,join,insert_2,2,3082110
50000,COMPRESSED,FDN,dynamic_table,flatten,insert_2,2,4675779
50000,DECOMPRESSED,FDN,dynamic_table,flatten,insert_2,2,8032500
50000,COMPRESSED,FDN,dynamic_table,scan,initial_refresh,3,1484869
50000,DECOMPRESSED,FDN,dynamic_table,scan,initial_refresh,3,2650000
50000,COMPRESSED,FDN,dynamic_table,group_by,initial_refresh,3,2400686
50000,DECOMPRESSED,FDN,dynamic_table,group_by,initial_refresh,3,2500000
50000,COMPRESSED,FDN,dynamic_table,group_by_strings,initial_refresh,3,1992717
50000,DECOMPRESSED,FDN,dynamic_table,group_by_strings,initial_refresh,3,2500000
50000,COMPRESSED,FDN,dynamic_table,join,initial_refresh,3,1557616
50000,DECOMPRESSED,FDN,dynamic_table,join,initial_refresh,3,2779956
50000,COMPRESSED,FDN,dynamic_table,flatten,initial_refresh,3,1484345
50000,DECOMPRESSED,FDN,dynamic_table,flatten,initial_refresh,3,2550000
50000,COMPRESSED,FDN,map_table,scan,initial_refresh,3,263733
50000,DECOMPRESSED,FDN,map_table,scan,initial_refresh,3,1583536
50000,COMPRESSED,FDN,map_table,group_by,initial_refresh,3,1153398
50000,DECOMPRESSED,FDN,map_table,group_by,initial_refresh,3,1567072
50000,COMPRESSED,FDN,map_table,group_by_strings,initial_refresh,3,678530
50000,DECOMPRESSED,FDN,map_table,group_by_strings,initial_refresh,3,1583536
50000,COMPRESSED,FDN,map_table,join,initial_refresh,3,276665
50000,DECOMPRESSED,FDN,map_table,join,initial_refresh,3,1819356
50000,COMPRESSED,FDN,map_table,flatten,initial_refresh,3,None
50000,DECOMPRESSED,FDN,map_table,flatten,initial_refresh,3,None
50000,COMPRESSED,FDN,array_table,scan,initial_refresh,3,1265648
50000,DECOMPRESSED,FDN,array_table,scan,initial_refresh,3,1550000
50000,COMPRESSED,FDN,array_table,group_by,initial_refresh,3,1215115
50000,DECOMPRESSED,FDN,array_table,group_by,initial_refresh,3,1450000
50000,COMPRESSED,FDN,array_table,group_by_strings,initial_refresh,3,698680
50000,DECOMPRESSED,FDN,array_table,group_by_strings,initial_refresh,3,1550000
50000,COMPRESSED,FDN,array_table,join,initial_refresh,3,1485073
50000,DECOMPRESSED,FDN,array_table,join,initial_refresh,3,1783368
50000,COMPRESSED,FDN,array_table,flatten,initial_refresh,3,None
50000,DECOMPRESSED,FDN,array_table,flatten,initial_refresh,3,None
50000,COMPRESSED,FDN,dynamic_table,scan,update,3,1484899
50000,DECOMPRESSED,FDN,dynamic_table,scan,update,3,2650000
50000,COMPRESSED,FDN,dynamic_table,group_by,update,3,2400686
50000,DECOMPRESSED,FDN,dynamic_table,group_by,update,3,2500000
50000,COMPRESSED,FDN,dynamic_table,group_by_strings,update,3,2000673
50000,DECOMPRESSED,FDN,dynamic_table,group_by_strings,update,3,2500000
50000,COMPRESSED,FDN,dynamic_table,join,update,3,1565372
50000,DECOMPRESSED,FDN,dynamic_table,join,update,3,2793630
50000,COMPRESSED,FDN,dynamic_table,flatten,update,3,1484380
50000,DECOMPRESSED,FDN,dynamic_table,flatten,update,3,2550000
50000,COMPRESSED,FDN,dynamic_table,scan,insert,3,1559096
50000,DECOMPRESSED,FDN,dynamic_table,scan,insert,3,2777500
50000,COMPRESSED,FDN,dynamic_table,group_by,insert,3,2520733
50000,DECOMPRESSED,FDN,dynamic_table,group_by,insert,3,2625000
50000,COMPRESSED,FDN,dynamic_table,group_by_strings,insert,3,2120718
50000,DECOMPRESSED,FDN,dynamic_table,group_by_strings,insert,3,2625000
50000,COMPRESSED,FDN,dynamic_table,join,insert,3,1648556
50000,DECOMPRESSED,FDN,dynamic_table,join,insert,3,2935920
50000,COMPRESSED,FDN,dynamic_table,flatten,insert,3,3042889
50000,DECOMPRESSED,FDN,dynamic_table,flatten,insert,3,5227500
50000,COMPRESSED,FDN,dynamic_table,scan,insert_2,3,1633325
50000,DECOMPRESSED,FDN,dynamic_table,scan,insert_2,3,2905000
50000,COMPRESSED,FDN,dynamic_table,group_by,insert_2,3,2640806
50000,DECOMPRESSED,FDN,dynamic_table,group_by,insert_2,3,2750000
50000,COMPRESSED,FDN,dynamic_table,group_by_strings,insert_2,3,2120770
50000,DECOMPRESSED,FDN,dynamic_table,group_by_strings,insert_2,3,2625050
50000,COMPRESSED,FDN,dynamic_table,join,insert_2,3,1732668
50000,DECOMPRESSED,FDN,dynamic_table,join,insert_2,3,3079740
50000,COMPRESSED,FDN,dynamic_table,flatten,insert_2,3,4675453
50000,DECOMPRESSED,FDN,dynamic_table,flatten,insert_2,3,8032500
100000,COMPRESSED,FDN,dynamic_table,scan,initial_refresh,1,2969278
100000,DECOMPRESSED,FDN,dynamic_table,scan,initial_refresh,1,5300000
100000,COMPRESSED,FDN,dynamic_table,group_by,initial_refresh,1,4801368
100000,DECOMPRESSED,FDN,dynamic_table,group_by,initial_refresh,1,5000000
100000,COMPRESSED,FDN,dynamic_table,group_by_strings,initial_refresh,1,4063732
100000,DECOMPRESSED,FDN,dynamic_table,group_by_strings,initial_refresh,1,5000000
100000,COMPRESSED,FDN,dynamic_table,join,initial_refresh,1,3265356
100000,DECOMPRESSED,FDN,dynamic_table,join,initial_refresh,1,5827986
100000,COMPRESSED,FDN,dynamic_table,flatten,initial_refresh,1,2968678
100000,DECOMPRESSED,FDN,dynamic_table,flatten,initial_refresh,1,5100000
100000,COMPRESSED,FDN,map_table,scan,initial_refresh,1,527322
100000,DECOMPRESSED,FDN,map_table,scan,initial_refresh,1,3183536
100000,COMPRESSED,FDN,map_table,group_by,initial_refresh,1,2316341
100000,DECOMPRESSED,FDN,map_table,group_by,initial_refresh,1,3167072
100000,COMPRESSED,FDN,map_table,group_by_strings,initial_refresh,1,1433043
100000,DECOMPRESSED,FDN,map_table,group_by_strings,initial_refresh,1,3167072
100000,COMPRESSED,FDN,map_table,join,initial_refresh,1,580273
100000,DECOMPRESSED,FDN,map_table,join,initial_refresh,1,3832206
100000,COMPRESSED,FDN,map_table,flatten,initial_refresh,1,None
100000,DECOMPRESSED,FDN,map_table,flatten,initial_refresh,1,None
100000,COMPRESSED,FDN,array_table,scan,initial_refresh,1,2543788
100000,DECOMPRESSED,FDN,array_table,scan,initial_refresh,1,3100000
100000,COMPRESSED,FDN,array_table,group_by,initial_refresh,1,2442795
100000,DECOMPRESSED,FDN,array_table,group_by,initial_refresh,1,3100000
100000,COMPRESSED,FDN,array_table,group_by_strings,initial_refresh,1,1495486
100000,DECOMPRESSED,FDN,array_table,group_by_strings,initial_refresh,1,3100000
100000,COMPRESSED,FDN,array_table,join,initial_refresh,1,3127084
100000,DECOMPRESSED,FDN,array_table,join,initial_refresh,1,3738708
100000,COMPRESSED,FDN,array_table,flatten,initial_refresh,1,None
100000,DECOMPRESSED,FDN,array_table,flatten,initial_refresh,1,None
100000,COMPRESSED,FDN,dynamic_table,scan,update,1,2969447
100000,DECOMPRESSED,FDN,dynamic_table,scan,update,1,5300000
100000,COMPRESSED,FDN,dynamic_table,group_by,update,1,4801368
100000,DECOMPRESSED,FDN,dynamic_table,group_by,update,1,5000000
100000,COMPRESSED,FDN,dynamic_table,group_by_strings,update,1,4081836
100000,DECOMPRESSED,FDN,dynamic_table,group_by_strings,update,1,5000000
100000,COMPRESSED,FDN,dynamic_table,join,update,1,3294775
100000,DECOMPRESSED,FDN,dynamic_table,join,update,1,5880138
100000,COMPRESSED,FDN,dynamic_table,flatten,update,1,2968872
100000,DECOMPRESSED,FDN,dynamic_table,flatten,update,1,5100000
100000,COMPRESSED,FDN,dynamic_table,scan,insert,1,3117885
100000,DECOMPRESSED,FDN,dynamic_table,scan,insert,1,5555000
100000,COMPRESSED,FDN,dynamic_table,group_by,insert,1,5041454
100000,DECOMPRESSED,FDN,dynamic_table,group_by,insert,1,5250000
100000,COMPRESSED,FDN,dynamic_table,group_by_strings,insert,1,4321847
100000,DECOMPRESSED,FDN,dynamic_table,group_by_strings,insert,1,5250000
100000,COMPRESSED,FDN,dynamic_table,join,insert,1,3472831
100000,DECOMPRESSED,FDN,dynamic_table,join,insert,1,6184914
100000,COMPRESSED,FDN,dynamic_table,flatten,insert,1,6089233
100000,DECOMPRESSED,FDN,dynamic_table,flatten,insert,1,10455000
100000,COMPRESSED,FDN,dynamic_table,scan,insert_2,1,3266359
100000,DECOMPRESSED,FDN,dynamic_table,scan,insert_2,1,5810000
100000,COMPRESSED,FDN,dynamic_table,group_by,insert_2,1,5281540
100000,DECOMPRESSED,FDN,dynamic_table,group_by,insert_2,1,5500000
100000,COMPRESSED,FDN,dynamic_table,group_by_strings,insert_2,1,4321899
100000,DECOMPRESSED,FDN,dynamic_table,group_by_strings,insert_2,1,5250050
100000,COMPRESSED,FDN,dynamic_table,join,insert_2,1,3656059
100000,DECOMPRESSED,FDN,dynamic_table,join,insert_2,1,6498768
100000,COMPRESSED,FDN,dynamic_table,flatten,insert_2,1,9356823
100000,DECOMPRESSED,FDN,dynamic_table,flatten,insert_2,1,16065000
100000,COMPRESSED,FDN,dynamic_table,scan,initial_refresh,2,2969753
100000,DECOMPRESSED,FDN,dynamic_table,scan,initial_refresh,2,5300000
100000,COMPRESSED,FDN,dynamic_table,group_by,initial_refresh,2,4801472
100000,DECOMPRESSED,FDN,dynamic_table,group_by,initial_refresh,2,5000000
100000,COMPRESSED,FDN,dynamic_table,group_by_strings,initial_refresh,2,4064013
100000,DECOMPRESSED,FDN,dynamic_table,group_by_strings,initial_refresh,2,5000000
100000,COMPRESSED,FDN,dynamic_table,join,initial_refresh,2,3266200
100000,DECOMPRESSED,FDN,dynamic_table,join,initial_refresh,2,5829788
100000,COMPRESSED,FDN,dynamic_table,flatten,initial_refresh,2,2968713
100000,DECOMPRESSED,FDN,dynamic_table,flatten,initial_refresh,2,5100000
100000,COMPRESSED,FDN,map_table,scan,initial_refresh,2,527412
100000,DECOMPRESSED,FDN,map_table,scan,initial_refresh,2,3183536
100000,COMPRESSED,FDN,map_table,group_by,initial_refresh,2,2315942
100000,DECOMPRESSED,FDN,map_table,group_by,initial_refresh,2,3167072
100000,COMPRESSED,FDN,map_table,group_by_strings,initial_refresh,2,1432126
100000,DECOMPRESSED,FDN,map_table,group_by_strings,initial_refresh,2,3167072
100000,COMPRESSED,FDN,map_table,join,initial_refresh,2,580399
100000,DECOMPRESSED,FDN,map_table,join,initial_refresh,2,3833396
100000,COMPRESSED,FDN,map_table,flatten,initial_refresh,2,None
100000,DECOMPRESSED,FDN,map_table,flatten,initial_refresh,2,None
100000,COMPRESSED,FDN,array_table,scan,initial_refresh,2,2543788
100000,DECOMPRESSED,FDN,array_table,scan,initial_refresh,2,3100000
100000,COMPRESSED,FDN,array_table,group_by,initial_refresh,2,2442734
100000,DECOMPRESSED,FDN,array_table,group_by,initial_refresh,2,3100000
100000,COMPRESSED,FDN,array_table,group_by_strings,initial_refresh,2,1495587
100000,DECOMPRESSED,FDN,array_table,group_by_strings,initial_refresh,2,3100000
100000,COMPRESSED,FDN,array_table,join,initial_refresh,2,3128050
100000,DECOMPRESSED,FDN,array_table,join,initial_refresh,2,3739864
100000,COMPRESSED,FDN,array_table,flatten,initial_refresh,2,None
100000,DECOMPRESSED,FDN,array_table,flatten,initial_refresh,2,None
100000,COMPRESSED,FDN,dynamic_table,scan,update,2,2969826
100000,DECOMPRESSED,FDN,dynamic_table,scan,update,2,5300000
100000,COMPRESSED,FDN,dynamic_table,group_by,update,2,4801472
100000,DECOMPRESSED,FDN,dynamic_table,group_by,update,2,5000000
100000,COMPRESSED,FDN,dynamic_table,group_by_strings,update,2,4082502
100000,DECOMPRESSED,FDN,dynamic_table,group_by_strings,update,2,5000000
100000,COMPRESSED,FDN,dynamic_table,join,update,2,3294293
100000,DECOMPRESSED,FDN,dynamic_table,join,update,2,5879396
100000,COMPRESSED,FDN,dynamic_table,flatten,update,2,2968633
100000,DECOMPRESSED,FDN,dynamic_table,flatten,update,2,5100000
100000,COMPRESSED,FDN,dynamic_table,scan,insert,2,3118340
100000,DECOMPRESSED,FDN,dynamic_table,scan,insert,2,5555000
100000,COMPRESSED,FDN,dynamic_table,group_by,insert,2,5041577
100000,DECOMPRESSED,FDN,dynamic_table,group_by,insert,2,5250000
100000,COMPRESSED,FDN,dynamic_table,group_by_strings,insert,2,4322557
100000,DECOMPRESSED,FDN,dynamic_table,group_by_strings,insert,2,5250000
100000,COMPRESSED,FDN,dynamic_table,join,insert,2,3474207
100000,DECOMPRESSED,FDN,dynamic_table,join,insert,2,6187130
100000,COMPRESSED,FDN,dynamic_table,flatten,insert,2,6089064
100000,DECOMPRESSED,FDN,dynamic_table,flatten,insert,2,10455000
100000,COMPRESSED,FDN,dynamic_table,scan,insert_2,2,3266759
100000,DECOMPRESSED,FDN,dynamic_table,scan,insert_2,2,5810000
100000,COMPRESSED,FDN,dynamic_table,group_by,insert_2,2,5281646
100000,DECOMPRESSED,FDN,dynamic_table,group_by,insert_2,2,5500000
100000,COMPRESSED,FDN,dynamic_table,group_by_strings,insert_2,2,4322609
100000,DECOMPRESSED,FDN,dynamic_table,group_by_strings,insert_2,2,5250050
100000,COMPRESSED,FDN,dynamic_table,join,insert_2,2,3655384
100000,DECOMPRESSED,FDN,dynamic_table,join,insert_2,2,6497210
100000,COMPRESSED,FDN,dynamic_table,flatten,insert_2,2,9357773
100000,DECOMPRESSED,FDN,dynamic_table,flatten,insert_2,2,16065000
100000,COMPRESSED,FDN,dynamic_table,scan,initial_refresh,3,2969623
100000,DECOMPRESSED,FDN,dynamic_table,scan,initial_refresh,3,5300000
100000,COMPRESSED,FDN,dynamic_table,group_by,initial_refresh,3,4801445
100000,DECOMPRESSED,FDN,dynamic_table,group_by,initial_refresh,3,5000000
100000,COMPRESSED,FDN,dynamic_table,group_by_strings,initial_refresh,3,4064033
100000,DECOMPRESSED,FDN,dynamic_table,group_by_strings,initial_refresh,3,5000000
100000,COMPRESSED,FDN,dynamic_table,join,initial_refresh,3,3264220
100000,DECOMPRESSED,FDN,dynamic_table,join,initial_refresh,3,5825972
100000,COMPRESSED,FDN,dynamic_table,flatten,initial_refresh,3,2968613
100000,DECOMPRESSED,FDN,dynamic_table,flatten,initial_refresh,3,5100000
100000,COMPRESSED,FDN,map_table,scan,initial_refresh,3,527449
100000,DECOMPRESSED,FDN,map_table,scan,initial_refresh,3,3183536
100000,COMPRESSED,FDN,map_table,group_by,initial_refresh,3,2317347
100000,DECOMPRESSED,FDN,map_table,group_by,initial_refresh,3,3167072
100000,COMPRESSED,FDN,map_table,group_by_strings,initial_refresh,3,1434851
100000,DECOMPRESSED,FDN,map_table,group_by_strings,initial_refresh,3,3167072
100000,COMPRESSED,FDN,map_table,join,initial_refresh,3,580071
100000,DECOMPRESSED,FDN,map_table,join,initial_refresh,3,3830876
100000,COMPRESSED,FDN,map_table,flatten,initial_refresh,3,None
100000,DECOMPRESSED,FDN,map_table,flatten,initial_refresh,3,None
100000,COMPRESSED,FDN,array_table,scan,initial_refresh,3,2543788
100000,DECOMPRESSED,FDN,array_table,scan,initial_refresh,3,3100000
100000,COMPRESSED,FDN,array_table,group_by,initial_refresh,3,2442658
100000,DECOMPRESSED,FDN,array_table,group_by,initial_refresh,3,3100000
100000,COMPRESSED,FDN,array_table,group_by_strings,initial_refresh,3,1496328
100000,DECOMPRESSED,FDN,array_table,group_by_strings,initial_refresh,3,3100000
100000,COMPRESSED,FDN,array_table,join,initial_refresh,3,3126004
100000,DECOMPRESSED,FDN,array_table,join,initial_refresh,3,3737416
100000,COMPRESSED,FDN,array_table,flatten,initial_refresh,3,None
100000,DECOMPRESSED,FDN,array_table,flatten,initial_refresh,3,None
100000,COMPRESSED,FDN,dynamic_table,scan,update,3,2969680
100000,DECOMPRESSED,FDN,dynamic_table,scan,update,3,5300000
100000,COMPRESSED,FDN,dynamic_table,group_by,update,3,4801445
100000,DECOMPRESSED,FDN,dynamic_table,group_by,update,3,5000000
100000,COMPRESSED,FDN,dynamic_table,group_by_strings,update,3,4082147
100000,DECOMPRESSED,FDN,dynamic_table,group_by_strings,update,3,5000000
100000,COMPRESSED,FDN,dynamic_table,join,update,3,3292577
100000,DECOMPRESSED,FDN,dynamic_table,join,update,3,5876322
100000,COMPRESSED,FDN,dynamic_table,flatten,update,3,2968789
100000,DECOMPRESSED,FDN,dynamic_table,flatten,update,3,5100000
100000,COMPRESSED,FDN,dynamic_table,scan,insert,3,3118117
100000,DECOMPRESSED,FDN,dynamic_table,scan,insert,3,5555000
100000,COMPRESSED,FDN,dynamic_table,group_by,insert,3,5041494
100000,DECOMPRESSED,FDN,dynamic_table,group_by,insert,3,5250000
100000,COMPRESSED,FDN,dynamic_table,group_by_strings,insert,3,4322223
100000,DECOMPRESSED,FDN,dynamic_table,group_by_strings,insert,3,5250000
100000,COMPRESSED,FDN,dynamic_table,join,insert,3,3471963
100000,DECOMPRESSED,FDN,dynamic_table,join,insert,3,6183138
100000,COMPRESSED,FDN,dynamic_table,flatten,insert,3,6089060
100000,DECOMPRESSED,FDN,dynamic_table,flatten,insert,3,10455000
100000,COMPRESSED,FDN,dynamic_table,scan,insert_2,3,3266595
100000,DECOMPRESSED,FDN,dynamic_table,scan,insert_2,3,5810000
100000,COMPRESSED,FDN,dynamic_table,group_by,insert_2,3,5281590
100000,DECOMPRESSED,FDN,dynamic_table,group_by,insert_2,3,5500000
100000,COMPRESSED,FDN,dynamic_table,group_by_strings,insert_2,3,4322275
100000,DECOMPRESSED,FDN,dynamic_table,group_by_strings,insert_2,3,5250050
100000,COMPRESSED,FDN,dynamic_table,join,insert_2,3,3654433
100000,DECOMPRESSED,FDN,dynamic_table,join,insert_2,3,6494952
100000,COMPRESSED,FDN,dynamic_table,flatten,insert_2,3,9357755
100000,DECOMPRESSED,FDN,dynamic_table,flatten,insert_2,3,16065000
500000,COMPRESSED,FDN,dynamic_table,scan,initial_refresh,1,10466982
500000,DECOMPRESSED,FDN,dynamic_table,scan,initial_refresh,1,26500000
500000,COMPRESSED,FDN,dynamic_table,group_by,initial_refresh,1,17771583
500000,DECOMPRESSED,FDN,dynamic_table,group_by,initial_refresh,1,25000000
500000,COMPRESSED,FDN,dynamic_table,group_by_strings,initial_refresh,1,15630808
500000,DECOMPRESSED,FDN,dynamic_table,group_by_strings,initial_refresh,1,25000000
500000,COMPRESSED,FDN,dynamic_table,join,initial_refresh,1,15726993
500000,DECOMPRESSED,FDN,dynamic_table,join,initial_refresh,1,39814978
500000,COMPRESSED,FDN,dynamic_table,flatten,initial_refresh,1,10464817
500000,DECOMPRESSED,FDN,dynamic_table,flatten,initial_refresh,1,25500000
500000,COMPRESSED,FDN,map_table,scan,initial_refresh,1,2636230
500000,DECOMPRESSED,FDN,map_table,scan,initial_refresh,1,15983536
500000,COMPRESSED,FDN,map_table,group_by,initial_refresh,1,11629217
500000,DECOMPRESSED,FDN,map_table,group_by,initial_refresh,1,15967072
500000,COMPRESSED,FDN,map_table,group_by_strings,initial_refresh,1,7936140
500000,DECOMPRESSED,FDN,map_table,group_by_strings,initial_refresh,1,15967072
500000,COMPRESSED,FDN,map_table,join,initial_refresh,1,3963455
500000,DECOMPRESSED,FDN,map_table,join,initial_refresh,1,26259982
500000,COMPRESSED,FDN,map_table,flatten,initial_refresh,1,None
500000,DECOMPRESSED,FDN,map_table,flatten,initial_refresh,1,None
500000,COMPRESSED,FDN,array_table,scan,initial_refresh,1,12843908
500000,DECOMPRESSED,FDN,array_table,scan,initial_refresh,1,15500000
500000,COMPRESSED,FDN,array_table,group_by,initial_refresh,1,12339209
500000,DECOMPRESSED,FDN,array_table,group_by,initial_refresh,1,15500000
500000,COMPRESSED,FDN,array_table,group_by_strings,initial_refresh,1,8668558
500000,DECOMPRESSED,FDN,array_table,group_by_strings,initial_refresh,1,15500000
500000,COMPRESSED,FDN,array_table,join,initial_refresh,1,53662
500000,DECOMPRESSED,FDN,array_table,join,initial_refresh,1,3004934
500000,COMPRESSED,FDN,array_table,flatten,initial_refresh,1,None
500000,DECOMPRESSED,FDN,array_table,flatten,initial_refresh,1,None
500000,COMPRESSED,FDN,dynamic_table,scan,update,1,10689486
500000,DECOMPRESSED,FDN,dynamic_table,scan,update,1,26500000
500000,COMPRESSED,FDN,dynamic_table,group_by,update,1,17771583
500000,DECOMPRESSED,FDN,dynamic_table,group_by,update,1,25000000
500000,COMPRESSED,FDN,dynamic_table,group_by_strings,update,1,15998440
500000,DECOMPRESSED,FDN,dynamic_table,group_by_strings,update,1,25000000
500000,COMPRESSED,FDN,dynamic_table,join,update,1,16828125
500000,DECOMPRESSED,FDN,dynamic_table,join,update,1,41177290
500000,COMPRESSED,FDN,dynamic_table,flatten,update,1,10685191
500000,DECOMPRESSED,FDN,dynamic_table,flatten,update,1,25500000
500000,COMPRESSED,FDN,dynamic_table,scan,insert,1,11431740
500000,DECOMPRESSED,FDN,dynamic_table,scan,insert,1,27775000
500000,COMPRESSED,FDN,dynamic_table,group_by,insert,1,18971952
500000,DECOMPRESSED,FDN,dynamic_table,group_by,insert,1,26250000
500000,COMPRESSED,FDN,dynamic_table,group_by_strings,insert,1,17198897
500000,DECOMPRESSED,FDN,dynamic_table,group_by_strings,insert,1,26250000
500000,COMPRESSED,FDN,dynamic_table,join,insert,1,18344331
500000,DECOMPRESSED,FDN,dynamic_table,join,insert,1,43767070
500000,COMPRESSED,FDN,dynamic_table,flatten,insert,1,21771898
500000,DECOMPRESSED,FDN,dynamic_table,flatten,insert,1,52275000
500000,COMPRESSED,FDN,dynamic_table,scan,insert_2,1,12174114
500000,DECOMPRESSED,FDN,dynamic_table,scan,insert_2,1,29050000
500000,COMPRESSED,FDN,dynamic_table,group_by,insert_2,1,20172290
500000,DECOMPRESSED,FDN,dynamic_table,group_by,insert_2,1,27500000
500000,COMPRESSED,FDN,dynamic_table,group_by_strings,insert_2,1,17198949
500000,DECOMPRESSED,FDN,dynamic_table,group_by_strings,insert_2,1,26250050
500000,COMPRESSED,FDN,dynamic_table,join,insert_2,1,19894022
500000,DECOMPRESSED,FDN,dynamic_table,join,insert_2,1,46428046
500000,COMPRESSED,FDN,dynamic_table,flatten,insert_2,1,33456207
500000,DECOMPRESSED,FDN,dynamic_table,flatten,insert_2,1,80325000
500000,COMPRESSED,FDN,dynamic_table,scan,initial_refresh,2,10467408
500000,DECOMPRESSED,FDN,dynamic_table,scan,initial_refresh,2,26500000
500000,COMPRESSED,FDN,dynamic_table,group_by,initial_refresh,2,17815526
500000,DECOMPRESSED,FDN,dynamic_table,group_by,initial_refresh,2,25000000
500000,COMPRESSED,FDN,dynamic_table,group_by_strings,initial_refresh,2,15628037
500000,DECOMPRESSED,FDN,dynamic_table,group_by_strings,initial_refresh,2,25000000
500000,COMPRESSED,FDN,dynamic_table,join,initial_refresh,2,15700122
500000,DECOMPRESSED,FDN,dynamic_table,join,initial_refresh,2,39747880
500000,COMPRESSED,FDN,dynamic_table,flatten,initial_refresh,2,10464551
500000,DECOMPRESSED,FDN,dynamic_table,flatten,initial_refresh,2,25500000
500000,COMPRESSED,FDN,map_table,scan,initial_refresh,2,2636609
500000,DECOMPRESSED,FDN,map_table,scan,initial_refresh,2,15983536
500000,COMPRESSED,FDN,map_table,group_by,initial_refresh,2,11629164
500000,DECOMPRESSED,FDN,map_table,group_by,initial_refresh,2,15967072
500000,COMPRESSED,FDN,map_table,group_by_strings,initial_refresh,2,7935411
500000,DECOMPRESSED,FDN,map_table,group_by_strings,initial_refresh,2,15967072
500000,COMPRESSED,FDN,map_table,join,initial_refresh,2,3956543
500000,DECOMPRESSED,FDN,map_table,join,initial_refresh,2,26215672
500000,COMPRESSED,FDN,map_table,flatten,initial_refresh,2,None
500000,DECOMPRESSED,FDN,map_table,flatten,initial_refresh,2,None
500000,COMPRESSED,FDN,array_table,scan,initial_refresh,2,12843908
500000,DECOMPRESSED,FDN,array_table,scan,initial_refresh,2,15500000
500000,COMPRESSED,FDN,array_table,group_by,initial_refresh,2,12338906
500000,DECOMPRESSED,FDN,array_table,group_by,initial_refresh,2,15500000
500000,COMPRESSED,FDN,array_table,group_by_strings,initial_refresh,2,8668722
500000,DECOMPRESSED,FDN,array_table,group_by_strings,initial_refresh,2,15500000
500000,COMPRESSED,FDN,array_table,join,initial_refresh,2,55421
500000,DECOMPRESSED,FDN,array_table,join,initial_refresh,2,2999870
500000,COMPRESSED,FDN,array_table,flatten,initial_refresh,2,None
500000,DECOMPRESSED,FDN,array_table,flatten,initial_refresh,2,None
500000,COMPRESSED,FDN,dynamic_table,scan,update,2,10685446
500000,DECOMPRESSED,FDN,dynamic_table,scan,update,2,26500000
500000,COMPRESSED,FDN,dynamic_table,group_by,update,2,17815526
500000,DECOMPRESSED,FDN,dynamic_table,group_by,update,2,25000000
500000,COMPRESSED,FDN,dynamic_table,group_by_strings,update,2,15988048
500000,DECOMPRESSED,FDN,dynamic_table,group_by_strings,update,2,25000000
500000,COMPRESSED,FDN,dynamic_table,join,update,2,16772557
500000,DECOMPRESSED,FDN,dynamic_table,join,update,2,41078498
500000,COMPRESSED,FDN,dynamic_table,flatten,update,2,10681433
500000,DECOMPRESSED,FDN,dynamic_table,flatten,update,2,25500000
500000,COMPRESSED,FDN,dynamic_table,scan,insert,2,11427769
500000,DECOMPRESSED,FDN,dynamic_table,scan,insert,2,27775000
500000,COMPRESSED,FDN,dynamic_table,group_by,insert,2,19015789
500000,DECOMPRESSED,FDN,dynamic_table,group_by,insert,2,26250000
500000,COMPRESSED,FDN,dynamic_table,group_by_strings,insert,2,17188448
500000,DECOMPRESSED,FDN,dynamic_table,group_by_strings,insert,2,26250000
500000,COMPRESSED,FDN,dynamic_table,join,insert,2,18292310
500000,DECOMPRESSED,FDN,dynamic_table,join,insert,2,43674908
500000,COMPRESSED,FDN,dynamic_table,flatten,insert,2,21760249
500000,DECOMPRESSED,FDN,dynamic_table,flatten,insert,2,52275000
500000,COMPRESSED,FDN,dynamic_table,scan,insert_2,2,12170067
500000,DECOMPRESSED,FDN,dynamic_table,scan,insert_2,2,29050000
500000,COMPRESSED,FDN,dynamic_table,group_by,insert_2,2,20216204
500000,DECOMPRESSED,FDN,dynamic_table,group_by,insert_2,2,27500000
500000,COMPRESSED,FDN,dynamic_table,group_by_strings,insert_2,2,17188500
500000,DECOMPRESSED,FDN,dynamic_table,group_by_strings,insert_2,2,26250050
500000,COMPRESSED,FDN,dynamic_table,join,insert_2,2,19829709
500000,DECOMPRESSED,FDN,dynamic_table,join,insert_2,2,46313852
500000,COMPRESSED,FDN,dynamic_table,flatten,insert_2,2,33424767
500000,DECOMPRESSED,FDN,dynamic_table,flatten,insert_2,2,80325000
500000,COMPRESSED,FDN,dynamic_table,scan,initial_refresh,3,10466985
500000,DECOMPRESSED,FDN,dynamic_table,scan,initial_refresh,3,26500000
500000,COMPRESSED,FDN,dynamic_table,group_by,initial_refresh,3,17755036
500000,DECOMPRESSED,FDN,dynamic_table,group_by,initial_refresh,3,25000000
500000,COMPRESSED,FDN,dynamic_table,group_by_strings,initial_refresh,3,15626951
500000,DECOMPRESSED,FDN,dynamic_table,group_by_strings,initial_refresh,3,25000000
500000,COMPRESSED,FDN,dynamic_table,join,initial_refresh,3,15693338
500000,DECOMPRESSED,FDN,dynamic_table,join,initial_refresh,3,39731662
500000,COMPRESSED,FDN,dynamic_table,flatten,initial_refresh,3,10464508
500000,DECOMPRESSED,FDN,dynamic_table,flatten,initial_refresh,3,25500000
500000,COMPRESSED,FDN,map_table,scan,initial_refresh,3,2636230
500000,DECOMPRESSED,FDN,map_table,scan,initial_refresh,3,15983536
500000,COMPRESSED,FDN,map_table,group_by,initial_refresh,3,11629068
500000,DECOMPRESSED,FDN,map_table,group_by,initial_refresh,3,15967072
500000,COMPRESSED,FDN,map_table,group_by_strings,initial_refresh,3,7935211
500000,DECOMPRESSED,FDN,map_table,group_by_strings,initial_refresh,3,15967072
500000,COMPRESSED,FDN,map_table,join,initial_refresh,3,3954461
500000,DECOMPRESSED,FDN,map_table,join,initial_refresh,3,26204962
500000,COMPRESSED,FDN,map_table,flatten,initial_refresh,3,None
500000,DECOMPRESSED,FDN,map_table,flatten,initial_refresh,3,None
500000,COMPRESSED,FDN,array_table,scan,initial_refresh,3,12843908
500000,DECOMPRESSED,FDN,array_table,scan,initial_refresh,3,15500000
500000,COMPRESSED,FDN,array_table,group_by,initial_refresh,3,12338502
500000,DECOMPRESSED,FDN,array_table,group_by,initial_refresh,3,15500000
500000,COMPRESSED,FDN,array_table,group_by_strings,initial_refresh,3,8667224
500000,DECOMPRESSED,FDN,array_table,group_by_strings,initial_refresh,3,15500000
500000,COMPRESSED,FDN,array_table,join,initial_refresh,3,50352
500000,DECOMPRESSED,FDN,array_table,join,initial_refresh,3,2998646
500000,COMPRESSED,FDN,array_table,flatten,initial_refresh,3,None
500000,DECOMPRESSED,FDN,array_table,flatten,initial_refresh,3,None
500000,COMPRESSED,FDN,dynamic_table,scan,update,3,10686461
500000,DECOMPRESSED,FDN,dynamic_table,scan,update,3,26500000
500000,COMPRESSED,FDN,dynamic_table,group_by,update,3,17755036
500000,DECOMPRESSED,FDN,dynamic_table,group_by,update,3,25000000
500000,COMPRESSED,FDN,dynamic_table,group_by_strings,update,3,15987104
500000,DECOMPRESSED,FDN,dynamic_table,group_by_strings,update,3,25000000
500000,COMPRESSED,FDN,dynamic_table,join,update,3,16777557
500000,DECOMPRESSED,FDN,dynamic_table,join,update,3,41073516
500000,COMPRESSED,FDN,dynamic_table,flatten,update,3,10683580
500000,DECOMPRESSED,FDN,dynamic_table,flatten,update,3,25500000
500000,COMPRESSED,FDN,dynamic_table,scan,insert,3,11428844
500000,DECOMPRESSED,FDN,dynamic_table,scan,insert,3,27775000
500000,COMPRESSED,FDN,dynamic_table,group_by,insert,3,18955393
500000,DECOMPRESSED,FDN,dynamic_table,group_by,insert,3,26250000
500000,COMPRESSED,FDN,dynamic_table,group_by_strings,insert,3,17187505
500000,DECOMPRESSED,FDN,dynamic_table,group_by_strings,insert,3,26250000
500000,COMPRESSED,FDN,dynamic_table,join,insert,3,18281560
500000,DECOMPRESSED,FDN,dynamic_table,join,insert,3,43647384
500000,COMPRESSED,FDN,dynamic_table,flatten,insert,3,21743539
500000,DECOMPRESSED,FDN,dynamic_table,flatten,insert,3,52275000
500000,COMPRESSED,FDN,dynamic_table,scan,insert_2,3,12171082
500000,DECOMPRESSED,FDN,dynamic_table,scan,insert_2,3,29050000
500000,COMPRESSED,FDN,dynamic_table,group_by,insert_2,3,20155848
500000,DECOMPRESSED,FDN,dynamic_table,group_by,insert_2,3,27500000
500000,COMPRESSED,FDN,dynamic_table,group_by_strings,insert_2,3,17187557
500000,DECOMPRESSED,FDN,dynamic_table,group_by_strings,insert_2,3,26250050
500000,COMPRESSED,FDN,dynamic_table,join,insert_2,3,19836316
500000,DECOMPRESSED,FDN,dynamic_table,join,insert_2,3,46316928
500000,COMPRESSED,FDN,dynamic_table,flatten,insert_2,3,33423158
500000,DECOMPRESSED,FDN,dynamic_table,flatten,insert_2,3,80325000
1000000,COMPRESSED,FDN,dynamic_table,scan,initial_refresh,1,21227396
1000000,DECOMPRESSED,FDN,dynamic_table,scan,initial_refresh,1,53000000
1000000,COMPRESSED,FDN,dynamic_table,group_by,initial_refresh,1,35576167
1000000,DECOMPRESSED,FDN,dynamic_table,group_by,initial_refresh,1,50000000
1000000,COMPRESSED,FDN,dynamic_table,group_by_strings,initial_refresh,1,31187040
1000000,DECOMPRESSED,FDN,dynamic_table,group_by_strings,initial_refresh,1,50000000
1000000,COMPRESSED,FDN,dynamic_table,join,initial_refresh,1,42843086
1000000,DECOMPRESSED,FDN,dynamic_table,join,initial_refresh,1,106002332
1000000,COMPRESSED,FDN,dynamic_table,flatten,initial_refresh,1,22079912
1000000,DECOMPRESSED,FDN,dynamic_table,flatten,initial_refresh,1,51000000
1000000,COMPRESSED,FDN,map_table,scan,initial_refresh,1,1283796
1000000,DECOMPRESSED,FDN,map_table,scan,initial_refresh,1,31950608
1000000,COMPRESSED,FDN,map_table,group_by,initial_refresh,1,23258223
1000000,DECOMPRESSED,FDN,map_table,group_by,initial_refresh,1,31934144
1000000,COMPRESSED,FDN,map_table,group_by_strings,initial_refresh,1,16154306
1000000,DECOMPRESSED,FDN,map_table,group_by_strings,initial_refresh,1,31934144
1000000,COMPRESSED,FDN,map_table,join,initial_refresh,1,2998435
1000000,DECOMPRESSED,FDN,map_table,join,initial_refresh,1,69902756
1000000,COMPRESSED,FDN,map_table,flatten,initial_refresh,1,None
1000000,DECOMPRESSED,FDN,map_table,flatten,initial_refresh,1,None
1000000,COMPRESSED,FDN,array_table,scan,initial_refresh,1,58945
1000000,DECOMPRESSED,FDN,array_table,scan,initial_refresh,1,4000071
1000000,COMPRESSED,FDN,array_table,group_by,initial_refresh,1,24802420
1000000,DECOMPRESSED,FDN,array_table,group_by,initial_refresh,1,31000000
1000000,COMPRESSED,FDN,array_table,group_by_strings,initial_refresh,1,17967254
1000000,DECOMPRESSED,FDN,array_table,group_by_strings,initial_refresh,1,31000000
1000000,COMPRESSED,FDN,array_table,join,initial_refresh,1,260350
1000000,DECOMPRESSED,FDN,array_table,join,initial_refresh,1,8000231
1000000,COMPRESSED,FDN,array_table,flatten,initial_refresh,1,None
1000000,DECOMPRESSED,FDN,array_table,flatten,initial_refresh,1,None
1000000,COMPRESSED,FDN,dynamic_table,scan,update,1,21378547
1000000,DECOMPRESSED,FDN,dynamic_table,scan,update,1,53000000
1000000,COMPRESSED,FDN,dynamic_table,group_by,update,1,35576167
1000000,DECOMPRESSED,FDN,dynamic_table,group_by,update,1,50000000
1000000,COMPRESSED,FDN,dynamic_table,group_by_strings,update,1,32971912
1000000,DECOMPRESSED,FDN,dynamic_table,group_by_strings,update,1,50000000
1000000,COMPRESSED,FDN,dynamic_table,join,update,1,46115115
1000000,DECOMPRESSED,FDN,dynamic_table,join,update,1,111276574
1000000,COMPRESSED,FDN,dynamic_table,flatten,update,1,21379041
1000000,DECOMPRESSED,FDN,dynamic_table,flatten,update,1,51000000
1000000,COMPRESSED,FDN,dynamic_table,scan,insert,1,22862804
1000000,DECOMPRESSED,FDN,dynamic_table,scan,insert,1,55550000
1000000,COMPRESSED,FDN,dynamic_table,group_by,insert,1,37976889
1000000,DECOMPRESSED,FDN,dynamic_table,group_by,insert,1,52500000
1000000,COMPRESSED,FDN,dynamic_table,group_by_strings,insert,1,35372524
1000000,DECOMPRESSED,FDN,dynamic_table,group_by_strings,insert,1,52500000
1000000,COMPRESSED,FDN,dynamic_table,join,insert,1,50648514
1000000,DECOMPRESSED,FDN,dynamic_table,join,insert,1,119021740
1000000,COMPRESSED,FDN,dynamic_table,flatten,insert,1,43782859
1000000,DECOMPRESSED,FDN,dynamic_table,flatten,insert,1,104550000
1000000,COMPRESSED,FDN,dynamic_table,scan,insert_2,1,24347161
1000000,DECOMPRESSED,FDN,dynamic_table,scan,insert_2,1,58100000
1000000,COMPRESSED,FDN,dynamic_table,group_by,insert_2,1,40377486
1000000,DECOMPRESSED,FDN,dynamic_table,group_by,insert_2,1,55000000
1000000,COMPRESSED,FDN,dynamic_table,group_by_strings,insert_2,1,35372576
1000000,DECOMPRESSED,FDN,dynamic_table,group_by_strings,insert_2,1,52500050
1000000,COMPRESSED,FDN,dynamic_table,join,insert_2,1,55351837
1000000,DECOMPRESSED,FDN,dynamic_table,join,insert_2,1,127074640
1000000,COMPRESSED,FDN,dynamic_table,flatten,insert_2,1,67290133
1000000,DECOMPRESSED,FDN,dynamic_table,flatten,insert_2,1,160650000
1000000,COMPRESSED,FDN,dynamic_table,scan,initial_refresh,2,21226042
1000000,DECOMPRESSED,FDN,dynamic_table,scan,initial_refresh,2,53000000
1000000,COMPRESSED,FDN,dynamic_table,group_by,initial_refresh,2,35550474
1000000,DECOMPRESSED,FDN,dynamic_table,group_by,initial_refresh,2,50000000
1000000,COMPRESSED,FDN,dynamic_table,group_by_strings,initial_refresh,2,31185944
1000000,DECOMPRESSED,FDN,dynamic_table,group_by_strings,initial_refresh,2,50000000
1000000,COMPRESSED,FDN,dynamic_table,join,initial_refresh,2,42822127
1000000,DECOMPRESSED,FDN,dynamic_table,join,initial_refresh,2,105961098
1000000,COMPRESSED,FDN,dynamic_table,flatten,initial_refresh,2,22080173
1000000,DECOMPRESSED,FDN,dynamic_table,flatten,initial_refresh,2,51000000
1000000,COMPRESSED,FDN,map_table,scan,initial_refresh,2,1283796
1000000,DECOMPRESSED,FDN,map_table,scan,initial_refresh,2,31950608
1000000,COMPRESSED,FDN,map_table,group_by,initial_refresh,2,23258135
1000000,DECOMPRESSED,FDN,map_table,group_by,initial_refresh,2,31934144
1000000,COMPRESSED,FDN,map_table,group_by_strings,initial_refresh,2,16153479
1000000,DECOMPRESSED,FDN,map_table,group_by_strings,initial_refresh,2,31934144
1000000,COMPRESSED,FDN,map_table,join,initial_refresh,2,3005588
1000000,DECOMPRESSED,FDN,map_table,join,initial_refresh,2,69875526
1000000,COMPRESSED,FDN,map_table,flatten,initial_refresh,2,None
1000000,DECOMPRESSED,FDN,map_table,flatten,initial_refresh,2,None
1000000,COMPRESSED,FDN,array_table,scan,initial_refresh,2,58945
1000000,DECOMPRESSED,FDN,array_table,scan,initial_refresh,2,4000071
1000000,COMPRESSED,FDN,array_table,group_by,initial_refresh,2,24802740
1000000,DECOMPRESSED,FDN,array_table,group_by,initial_refresh,2,31000000
1000000,COMPRESSED,FDN,array_table,group_by_strings,initial_refresh,2,17967839
1000000,DECOMPRESSED,FDN,array_table,group_by_strings,initial_refresh,2,31000000
1000000,COMPRESSED,FDN,array_table,join,initial_refresh,2,243744
1000000,DECOMPRESSED,FDN,array_table,join,initial_refresh,2,7997119
1000000,COMPRESSED,FDN,array_table,flatten,initial_refresh,2,None
1000000,DECOMPRESSED,FDN,array_table,flatten,initial_refresh,2,None
1000000,COMPRESSED,FDN,dynamic_table,scan,update,2,21376011
1000000,DECOMPRESSED,FDN,dynamic_table,scan,update,2,53000000
1000000,COMPRESSED,FDN,dynamic_table,group_by,update,2,35550474
1000000,DECOMPRESSED,FDN,dynamic_table,group_by,update,2,50000000
1000000,COMPRESSED,FDN,dynamic_table,group_by_strings,update,2,31924596
1000000,DECOMPRESSED,FDN,dynamic_table,group_by_strings,update,2,50000000
1000000,COMPRESSED,FDN,dynamic_table,join,update,2,46650499
1000000,DECOMPRESSED,FDN,dynamic_table,join,update,2,111302862
1000000,COMPRESSED,FDN,dynamic_table,flatten,update,2,21376098
1000000,DECOMPRESSED,FDN,dynamic_table,flatten,update,2,51000000
1000000,COMPRESSED,FDN,dynamic_table,scan,insert,2,22860290
1000000,DECOMPRESSED,FDN,dynamic_table,scan,insert,2,55550000
1000000,COMPRESSED,FDN,dynamic_table,group_by,insert,2,37951093
1000000,DECOMPRESSED,FDN,dynamic_table,group_by,insert,2,52500000
1000000,COMPRESSED,FDN,dynamic_table,group_by_strings,insert,2,34325149
1000000,DECOMPRESSED,FDN,dynamic_table,group_by_strings,insert,2,52500000
1000000,COMPRESSED,FDN,dynamic_table,join,insert,2,51166246
1000000,DECOMPRESSED,FDN,dynamic_table,join,insert,2,119036196
1000000,COMPRESSED,FDN,dynamic_table,flatten,insert,2,43696760
1000000,DECOMPRESSED,FDN,dynamic_table,flatten,insert,2,104550000
1000000,COMPRESSED,FDN,dynamic_table,scan,insert_2,2,24344526
1000000,DECOMPRESSED,FDN,dynamic_table,scan,insert_2,2,58100000
1000000,COMPRESSED,FDN,dynamic_table,group_by,insert_2,2,40351849
1000000,DECOMPRESSED,FDN,dynamic_table,group_by,insert_2,2,55000000
1000000,COMPRESSED,FDN,dynamic_table,group_by_strings,insert_2,2,34325201
1000000,DECOMPRESSED,FDN,dynamic_table,group_by_strings,insert_2,2,52500050
1000000,COMPRESSED,FDN,dynamic_table,join,insert_2,2,55841283
1000000,DECOMPRESSED,FDN,dynamic_table,join,insert_2,2,127044930
1000000,COMPRESSED,FDN,dynamic_table,flatten,insert_2,2,67328345
1000000,DECOMPRESSED,FDN,dynamic_table,flatten,insert_2,2,160650000
1000000,COMPRESSED,FDN,dynamic_table,scan,initial_refresh,3,21227106
1000000,DECOMPRESSED,FDN,dynamic_table,scan,initial_refresh,3,53000000
1000000,COMPRESSED,FDN,dynamic_table,group_by,initial_refresh,3,35494908
1000000,DECOMPRESSED,FDN,dynamic_table,group_by,initial_refresh,3,50000000
1000000,COMPRESSED,FDN,dynamic_table,group_by_strings,initial_refresh,3,31176562
1000000,DECOMPRESSED,FDN,dynamic_table,group_by_strings,initial_refresh,3,50000000
1000000,COMPRESSED,FDN,dynamic_table,join,initial_refresh,3,42851874
1000000,DECOMPRESSED,FDN,dynamic_table,join,initial_refresh,3,106021518
1000000,COMPRESSED,FDN,dynamic_table,flatten,initial_refresh,3,22081042
1000000,DECOMPRESSED,FDN,dynamic_table,flatten,initial_refresh,3,51000000
1000000,COMPRESSED,FDN,map_table,scan,initial_refresh,3,1283796
1000000,DECOMPRESSED,FDN,map_table,scan,initial_refresh,3,31950608
1000000,COMPRESSED,FDN,map_table,group_by,initial_refresh,3,23258242
1000000,DECOMPRESSED,FDN,map_table,group_by,initial_refresh,3,31934144
1000000,COMPRESSED,FDN,map_table,group_by_strings,initial_refresh,3,16154088
1000000,DECOMPRESSED,FDN,map_table,group_by_strings,initial_refresh,3,31934144
1000000,COMPRESSED,FDN,map_table,join,initial_refresh,3,2953946
1000000,DECOMPRESSED,FDN,map_table,join,initial_refresh,3,69915426
1000000,COMPRESSED,FDN,map_table,flatten,initial_refresh,3,None
1000000,DECOMPRESSED,FDN,map_table,flatten,initial_refresh,3,None
1000000,COMPRESSED,FDN,array_table,scan,initial_refresh,3,58945
1000000,DECOMPRESSED,FDN,array_table,scan,initial_refresh,3,4000071
1000000,COMPRESSED,FDN,array_table,group_by,initial_refresh,3,24802070
1000000,DECOMPRESSED,FDN,array_table,group_by,initial_refresh,3,31000000
1000000,COMPRESSED,FDN,array_table,group_by_strings,initial_refresh,3,17968325
1000000,DECOMPRESSED,FDN,array_table,group_by_strings,initial_refresh,3,31000000
1000000,COMPRESSED,FDN,array_table,join,initial_refresh,3,268043
1000000,DECOMPRESSED,FDN,array_table,join,initial_refresh,3,8001679
1000000,COMPRESSED,FDN,array_table,flatten,initial_refresh,3,None
1000000,DECOMPRESSED,FDN,array_table,flatten,initial_refresh,3,None
